{"title":"Diana Build Guide - Top Lane  - aL BeNw","type":"custom","map":"any","blocks":[{"type":"Starting Items","items":[{"id":"2041","count":1},{"id":"3340","count":1}]},{"type":"Core Items","items":[{"id":"3001","count":1},{"id":"1056","count":1},{"id":"3020","count":1},{"id":"3157","count":1}]},{"type":"Endgame Items","items":[{"id":"3001","count":1},{"id":"3361","count":1},{"id":"3026","count":1},{"id":"3115","count":1},{"id":"3089","count":1},{"id":"3020","count":1},{"id":"3135","count":1},{"id":"3157","count":1}]}]}