{"title":"Diana Build Guide - Mid - By Chu8","type":"custom","map":"any","mode":"any","blocks":[{"type":"Core Items - Against AD Champion in Mid Lane","items":[{"id":"3001","count":1},{"id":"1056","count":1},{"id":"1058","count":1},{"id":"3191","count":1},{"id":"3020","count":1},{"id":"3157","count":1}]},{"type":"Endgame Items - Burst Damage Build","items":[{"id":"3001","count":1},{"id":"3100","count":1},{"id":"3089","count":1},{"id":"3020","count":1},{"id":"3135","count":1},{"id":"3157","count":1}]},{"type":"Endgame Items - Tanky AP Build","items":[{"id":"3001","count":1},{"id":"3361","count":1},{"id":"3151","count":1},{"id":"3115","count":1},{"id":"3116","count":1},{"id":"3020","count":1},{"id":"3157","count":1}]},{"type":"Starting Items","items":[{"id":"2041","count":1},{"id":"2003","count":1},{"id":"3340","count":1}]},{"type":"Viable Options","items":[{"id":"3102","count":1},{"id":"3026","count":1},{"id":"3285","count":1},{"id":"3140","count":1},{"id":"3083","count":1}]},{"type":"Core Items - Against AP Champion in Mid Lane","items":[{"id":"3001","count":1},{"id":"1056","count":1},{"id":"3020","count":1}]}]}