{"title":"Diana Build Guide - Jungle - By Pro heavenTime","type":"custom","map":"any","mode":"any","blocks":[{"type":"Starting Items","items":[{"id":"2003","count":1},{"id":"1039","count":1},{"id":"3340","count":1}]},{"type":"Core Build","items":[{"id":"3100","count":1},{"id":"3020","count":1}]},{"type":"Endgame Items - Final Builds","items":[{"id":"3100","count":1},{"id":"3115","count":1},{"id":"3364","count":1},{"id":"3089","count":1},{"id":"3020","count":1},{"id":"3157","count":1}]},{"type":"Endgame Items - Optional Items","items":[{"id":"3001","count":1},{"id":"3102","count":1},{"id":"3110","count":1},{"id":"3026","count":1},{"id":"3143","count":1},{"id":"3135","count":1}]}]}