{"title":"Diana Build Guide - Dominion - By VIPretzel","type":"custom","map":"any","mode":"any","blocks":[{"type":"Early-Game Items","items":[{"id":"3108","count":1},{"id":"1057","count":1},{"id":"3191","count":1}]},{"type":"Mid-Game Items","items":[{"id":"3001","count":1},{"id":"3090","count":1}]},{"type":"Late-Game Items","items":[{"id":"3100","count":1},{"id":"3170","count":1},{"id":"3065","count":1},{"id":"3075","count":1},{"id":"3135","count":1}]},{"type":"Starting Items","items":[{"id":"1001","count":1},{"id":"2003","count":1},{"id":"1063","count":1}]},{"type":"Other Items","items":[{"id":"3348","count":1},{"id":"3187","count":1},{"id":"3151","count":1},{"id":"3115","count":1},{"id":"3116","count":1},{"id":"3023","count":1},{"id":"3290","count":1}]},{"type":"Non-Situational Items","items":[{"id":"1026","count":1},{"id":"3136","count":1},{"id":"3020","count":1}]}]}