{"title":"Ashe Guide - Duo Bot - By Crs Cop","type":"custom","map":"any","mode":"any","blocks":[{"type":"Starting Items","items":[{"id":"1055","count":1},{"id":"2003","count":1},{"id":"3340","count":1}]},{"type":"Core Items","items":[{"id":"3006","count":1},{"id":"1001","count":1},{"id":"1055","count":1},{"id":"3031","count":1},{"id":"3087","count":1},{"id":"1053","count":1}]},{"type":"Late Game Purchases","items":[{"id":"3102","count":1},{"id":"1300","count":1},{"id":"1305","count":1},{"id":"1310","count":1},{"id":"1315","count":1},{"id":"1320","count":1},{"id":"1325","count":1},{"id":"1330","count":1},{"id":"3240","count":1},{"id":"3361","count":1},{"id":"3026","count":1},{"id":"3035","count":1},{"id":"3140","count":1},{"id":"3072","count":1}]},{"type":"Alternative Items","items":[{"id":"3046","count":1},{"id":"3143","count":1}]}]}