{"title":"Build Guide for Vayne - AD - by DontMashMe","type":"custom","map":"any","blocks":[{"type":"Final build","items":[{"id":"3153","count":1},{"id":"1300","count":1},{"id":"1305","count":1},{"id":"1310","count":1},{"id":"1315","count":1},{"id":"1320","count":1},{"id":"1325","count":1},{"id":"1330","count":1},{"id":"3240","count":1},{"id":"3361","count":1},{"id":"3031","count":1},{"id":"3035","count":1},{"id":"3046","count":1}]},{"type":"Starting Items","items":[{"id":"1055","count":1},{"id":"3340","count":1}]},{"type":"Complete Build","items":[{"id":"3026","count":1},{"id":"3031","count":1},{"id":"3035","count":1},{"id":"3046","count":1},{"id":"3172","count":1}]},{"type":"Mid Game","items":[{"id":"3006","count":1},{"id":"1055","count":1},{"id":"3031","count":1},{"id":"3046","count":1},{"id":"3072","count":1}]},{"type":"3rd main item","items":[{"id":"3035","count":1}]},{"type":"Defensive Item","items":[{"id":"3102","count":1},{"id":"3026","count":1},{"id":"3156","count":1},{"id":"3139","count":1}]}]}