{"title":"Sona Build Guide - Duo Bot - By Crs A BunnyFufuu","type":"custom","map":"any","blocks":[{"type":"Starting Items","items":[{"id":"2003","count":1},{"id":"2004","count":1},{"id":"3303","count":1},{"id":"3340","count":1}]},{"type":"Core Items","items":[{"id":"3117","count":1},{"id":"3098","count":1},{"id":"3222","count":1},{"id":"2049","count":1},{"id":"3341","count":1}]},{"type":"Endgame Items","items":[{"id":"3504","count":1},{"id":"3117","count":1},{"id":"1303","count":1},{"id":"1308","count":1},{"id":"1313","count":1},{"id":"1318","count":1},{"id":"1323","count":1},{"id":"1328","count":1},{"id":"1333","count":1},{"id":"3243","count":1},{"id":"3092","count":1},{"id":"3190","count":1},{"id":"3222","count":1},{"id":"3364","count":1},{"id":"2045","count":1}]}]}