{"title":"Mordekaiser Build Guide - Mid Lane - By Duocek","type":"custom","map":"any","mode":"any","blocks":[{"type":"Situational Item","items":[{"id":"3026","count":1},{"id":"3151","count":1}]},{"type":"Starting Items","items":[{"id":"1054","count":1},{"id":"2003","count":1},{"id":"3340","count":1}]},{"type":"Core Items","items":[{"id":"3145","count":1},{"id":"3089","count":1}]},{"type":"Endgame Items","items":[{"id":"3001","count":1},{"id":"3361","count":1},{"id":"3146","count":1},{"id":"3020","count":1},{"id":"3135","count":1},{"id":"3157","count":1}]}]}