{"title":"Jarvan Build Guide - Jungle - By IWDominate","type":"custom","map":"any","mode":"any","blocks":[{"type":"Core Items","items":[{"id":"3707","count":1},{"id":"3723","count":1},{"id":"3714","count":1},{"id":"3719","count":1},{"id":"3111","count":1},{"id":"3143","count":1}]},{"type":"Endgame Items","items":[{"id":"3102","count":1},{"id":"3707","count":1},{"id":"3723","count":1},{"id":"3714","count":1},{"id":"3719","count":1},{"id":"3361","count":1},{"id":"3111","count":1},{"id":"3143","count":1},{"id":"3071","count":1},{"id":"3075","count":1}]},{"type":"Starting Items","items":[{"id":"2003","count":1},{"id":"1039","count":1},{"id":"3340","count":1}]}]}