{"title":"Jarvan IV Build Guide - Dominion - By Sauron","type":"custom","map":"any","mode":"any","blocks":[{"type":"Starting Items","items":[{"id":"1001","count":1},{"id":"2003","count":1},{"id":"1062","count":1}]},{"type":"Core Items","items":[{"id":"3159","count":1},{"id":"3158","count":1},{"id":"1062","count":1},{"id":"3134","count":1},{"id":"3142","count":1}]},{"type":"Endgame Items","items":[{"id":"3022","count":1},{"id":"3159","count":1},{"id":"3158","count":1},{"id":"3035","count":1},{"id":"1062","count":1},{"id":"3071","count":1},{"id":"3142","count":1}]}]}