{"title":"Jarvan Build Guide - Top Lane (Assassin) - By Hashinshin","type":"custom","map":"any","blocks":[{"type":"Starting Items","items":[{"id":"1001","count":1},{"id":"2003","count":1},{"id":"3340","count":1}]},{"type":"Core items","items":[{"id":"1055","count":1},{"id":"3155","count":1},{"id":"3047","count":1},{"id":"3134","count":1},{"id":"3078","count":1}]},{"type":"Endgame Items","items":[{"id":"1301","count":1},{"id":"1306","count":1},{"id":"1311","count":1},{"id":"1316","count":1},{"id":"1321","count":1},{"id":"1326","count":1},{"id":"1331","count":1},{"id":"3241","count":1},{"id":"3361","count":1},{"id":"3026","count":1},{"id":"3156","count":1},{"id":"3047","count":1},{"id":"3143","count":1},{"id":"3071","count":1},{"id":"3078","count":1}]}]}