{"title":"Jarvan IV Guide - Top Lane - By Cris","type":"custom","map":"any","mode":"any","blocks":[{"type":"Core Items - Against AD Champions","items":[{"id":"3143","count":1},{"id":"3074","count":1},{"id":"3134","count":1}]},{"type":"Core Items - Against AP Champions","items":[{"id":"3155","count":1},{"id":"3074","count":1},{"id":"3134","count":1}]},{"type":"Endgame Items","items":[{"id":"3102","count":1},{"id":"3035","count":1},{"id":"3111","count":1},{"id":"3143","count":1},{"id":"3074","count":1},{"id":"3071","count":1}]},{"type":"Starting Items - vs Melee","items":[{"id":"1055","count":1},{"id":"2003","count":1},{"id":"3340","count":1}]},{"type":"Starting Items - vs Poke","items":[{"id":"2041","count":1},{"id":"2003","count":1},{"id":"3340","count":1}]}]}