{"title":"Kog'Maw Guide - Mid Lane (AP) - By K1CK Xico","type":"custom","map":"any","blocks":[{"type":"Starting Items","items":[{"id":"1056","count":1},{"id":"2003","count":1},{"id":"3340","count":1}]},{"type":"Core Items - Mid Game Items","items":[{"id":"3003","count":1},{"id":"3285","count":1},{"id":"3089","count":1},{"id":"3020","count":1}]},{"type":"Core Items - Endgame Items","items":[{"id":"3003","count":1},{"id":"3285","count":1},{"id":"3089","count":1},{"id":"3116","count":1},{"id":"3020","count":1},{"id":"3135","count":1},{"id":"3157","count":1}]}]}