{"title":"Kog'Maw Guide - AD Carry - By Crs Cop","type":"custom","map":"any","mode":"any","blocks":[{"type":"Starting Items","items":[{"id":"1055","count":1},{"id":"2003","count":1},{"id":"3340","count":1}]},{"type":"Core Items","items":[{"id":"3006","count":1},{"id":"1001","count":1},{"id":"1055","count":1},{"id":"3078","count":1}]},{"type":"Endgame Items","items":[{"id":"3102","count":1},{"id":"3006","count":1},{"id":"3026","count":1},{"id":"3031","count":1},{"id":"3046","count":1},{"id":"3072","count":1},{"id":"3078","count":1}]}]}