{"title":"Kha'Zix Build Guide - Jungle - By Crs IWillDominate","type":"custom","map":"any","mode":"any","blocks":[{"type":"Endgame Items - Full Build","items":[{"id":"3707","count":1},{"id":"3723","count":1},{"id":"3714","count":1},{"id":"3719","count":1},{"id":"3026","count":1},{"id":"3035","count":1},{"id":"3156","count":1},{"id":"3111","count":1},{"id":"3364","count":1},{"id":"3143","count":1}]},{"type":"Endgame Items - Optional Items","items":[{"id":"3102","count":1},{"id":"3139","count":1},{"id":"3074","count":1},{"id":"3071","count":1}]},{"type":"Starting Items","items":[{"id":"2003","count":1},{"id":"1039","count":1},{"id":"3340","count":1}]},{"type":"Core Items","items":[{"id":"3707","count":1},{"id":"3723","count":1},{"id":"3714","count":1},{"id":"3719","count":1},{"id":"1011","count":1},{"id":"3155","count":1},{"id":"3111","count":1}]}]}