{"title":"Kha'Zix Guide - Top Lane - Crs Angush","type":"custom","map":"any","blocks":[{"type":"Starting Items","items":[{"id":"2041","count":1},{"id":"2003","count":1},{"id":"2004","count":1},{"id":"3340","count":1}]},{"type":"Core Items","items":[{"id":"1001","count":1},{"id":"3070","count":1},{"id":"3072","count":1},{"id":"3134","count":1}]},{"type":"Endgame Items","items":[{"id":"3361","count":1},{"id":"3035","count":1},{"id":"3004","count":1},{"id":"3156","count":1},{"id":"3047","count":1},{"id":"3071","count":1},{"id":"3072","count":1},{"id":"3083","count":1}]}]}