{"title":"Kha'Zix Build Guide  - Mid Lane - By LoLPro Nyjacky","type":"custom","map":"any","mode":"any","blocks":[{"type":"Starting Items","items":[{"id":"1054","count":1},{"id":"2003","count":1},{"id":"3340","count":1}]},{"type":"Core Items","items":[{"id":"3035","count":1},{"id":"3074","count":1},{"id":"3134","count":1}]},{"type":"Endgame Items -","items":[{"id":"3361","count":1},{"id":"3026","count":1},{"id":"3035","count":1},{"id":"3111","count":1},{"id":"3074","count":1},{"id":"3071","count":1},{"id":"3072","count":1}]},{"type":"Viable Items to Consider","items":[{"id":"3117","count":1},{"id":"3156","count":1},{"id":"3047","count":1},{"id":"3143","count":1}]}]}