{"title":"Shyvana Guide - Jungle - By Saintvicious","type":"custom","map":"any","blocks":[{"type":"Endgame Items - Full Game Build","items":[{"id":"3153","count":1},{"id":"3742","count":1},{"id":"3190","count":1},{"id":"3047","count":1},{"id":"3364","count":1},{"id":"3143","count":1}]},{"type":"Endgame Items - Optional Items","items":[{"id":"3102","count":1},{"id":"3065","count":1},{"id":"3075","count":1},{"id":"3078","count":1}]},{"type":"Starting Items","items":[{"id":"2003","count":1},{"id":"1039","count":1},{"id":"3340","count":1}]},{"type":"Core Items","items":[{"id":"3047","count":1},{"id":"1053","count":1}]}]}