{"title":"Shyvana Build Guide - Top Lane  - Crs Keane","type":"custom","map":"any","mode":"any","blocks":[{"type":"Starting Items","items":[{"id":"1054","count":1},{"id":"2003","count":1},{"id":"3340","count":1}]},{"type":"Core Items","items":[{"id":"3102","count":1},{"id":"3153","count":1},{"id":"1001","count":1},{"id":"3068","count":1}]},{"type":"Endgame Items","items":[{"id":"3102","count":1},{"id":"3153","count":1},{"id":"3361","count":1},{"id":"3111","count":1},{"id":"3143","count":1},{"id":"3068","count":1},{"id":"3075","count":1}]}]}