{"title":"Olaf Build Guide - Jungle - By Crs IWillDominate","type":"custom","map":"any","mode":"any","blocks":[{"type":"Core Items","items":[{"id":"3717","count":1},{"id":"3709","count":1},{"id":"3725","count":1},{"id":"3721","count":1},{"id":"3047","count":1},{"id":"3340","count":1}]},{"type":"Full Build","items":[{"id":"3742","count":1},{"id":"3717","count":1},{"id":"3709","count":1},{"id":"3725","count":1},{"id":"3721","count":1},{"id":"3190","count":1},{"id":"3047","count":1},{"id":"3364","count":1},{"id":"3800","count":1},{"id":"3071","count":1}]},{"type":"Alternative Items","items":[{"id":"3102","count":1},{"id":"3110","count":1},{"id":"3035","count":1},{"id":"3143","count":1},{"id":"3800","count":1},{"id":"3065","count":1},{"id":"3134","count":1},{"id":"3075","count":1}]},{"type":"Starting Items","items":[{"id":"2003","count":1},{"id":"1039","count":1},{"id":"3340","count":1}]}]}