{"title":"Urgot Build Guide - Duo Bot - By Cop","type":"custom","map":"any","mode":"any","blocks":[{"type":"Starting Items","items":[{"id":"1055","count":1},{"id":"3340","count":1}]},{"type":"Core Items","items":[{"id":"1001","count":1},{"id":"3024","count":1},{"id":"3111","count":1},{"id":"3070","count":1},{"id":"3134","count":1}]},{"type":"Endgame Items","items":[{"id":"1001","count":1},{"id":"1304","count":1},{"id":"1309","count":1},{"id":"1314","count":1},{"id":"1319","count":1},{"id":"1324","count":1},{"id":"1329","count":1},{"id":"1334","count":1},{"id":"3244","count":1},{"id":"3110","count":1},{"id":"3024","count":1},{"id":"3361","count":1},{"id":"3035","count":1},{"id":"3004","count":1},{"id":"3156","count":1},{"id":"3111","count":1},{"id":"3070","count":1},{"id":"3071","count":1},{"id":"3134","count":1}]}]}