{"title":"Fiora Guide - Top Lane - By SYDTKO","type":"custom","map":"any","blocks":[{"type":"Endgame Items - Defensive items","items":[{"id":"3022","count":1},{"id":"3026","count":1},{"id":"3143","count":1}]},{"type":"Starting Items","items":[{"id":"1001","count":1},{"id":"1029","count":1},{"id":"2003","count":1},{"id":"3340","count":1}]},{"type":"Mid Items","items":[{"id":"1001","count":1},{"id":"3035","count":1},{"id":"3074","count":1},{"id":"3134","count":1}]},{"type":"Endgame Items","items":[{"id":"3035","count":1},{"id":"3111","count":1},{"id":"3074","count":1},{"id":"3078","count":1},{"id":"3142","count":1}]},{"type":"Endgame Items - Offensive Items","items":[{"id":"3153","count":1},{"id":"3156","count":1},{"id":"3071","count":1}]}]}