{"title":"Cassiopeia Build Guide - Mid Lane - By Crs Voyboy","type":"custom","map":"any","mode":"any","blocks":[{"type":"Core Items","items":[{"id":"3174","count":1},{"id":"3285","count":1},{"id":"3020","count":1}]},{"type":"Endgame buys","items":[{"id":"3089","count":1},{"id":"3116","count":1},{"id":"3135","count":1},{"id":"3157","count":1}]},{"type":"Alternate Build Path","items":[{"id":"3089","count":1},{"id":"3027","count":1},{"id":"3116","count":1},{"id":"3020","count":1},{"id":"3135","count":1},{"id":"3157","count":1}]},{"type":"Starting Items","items":[{"id":"1056","count":1},{"id":"2003","count":1},{"id":"3340","count":1}]}]}