{"title":"Fizz Guide - Top Lane","type":"custom","map":"any","blocks":[{"type":"Early Game Items","items":[{"id":"3144","count":1},{"id":"2041","count":1},{"id":"1055","count":1},{"id":"1056","count":1},{"id":"3191","count":1},{"id":"3340","count":1}]},{"type":"Core Items","items":[{"id":"3006","count":1},{"id":"3153","count":1},{"id":"3078","count":1}]},{"type":"Endgame Items","items":[{"id":"3026","count":1},{"id":"3139","count":1},{"id":"3091","count":1},{"id":"3142","count":1},{"id":"3157","count":1}]}]}