{"title":"Fizz Guide - Mid Lane - By Voyboy","type":"custom","map":"any","mode":"any","blocks":[{"type":"Core Items","items":[{"id":"1001","count":1},{"id":"1056","count":1},{"id":"3100","count":1},{"id":"3057","count":1},{"id":"3020","count":1},{"id":"3157","count":1}]},{"type":"Example Full Game Item Build","items":[{"id":"3026","count":1},{"id":"3100","count":1},{"id":"3089","count":1},{"id":"3020","count":1},{"id":"3135","count":1},{"id":"3157","count":1}]},{"type":"Starting Items","items":[{"id":"2041","count":1},{"id":"1056","count":1},{"id":"2003","count":1}]}]}