{"title":"Rumble Guide - Top Lane - by Zakkery","type":"custom","map":"any","mode":"any","blocks":[{"type":"General Item/Mid Lane Build","items":[{"id":"3001","count":1},{"id":"1001","count":1},{"id":"1301","count":1},{"id":"1306","count":1},{"id":"1311","count":1},{"id":"1316","count":1},{"id":"1321","count":1},{"id":"1326","count":1},{"id":"1331","count":1},{"id":"3241","count":1},{"id":"3361","count":1},{"id":"3136","count":1},{"id":"2003","count":1},{"id":"3145","count":1},{"id":"3151","count":1},{"id":"3089","count":1},{"id":"3116","count":1},{"id":"3020","count":1},{"id":"3157","count":1}]},{"type":"General Top Lane Build","items":[{"id":"1001","count":1},{"id":"1029","count":1},{"id":"1301","count":1},{"id":"1306","count":1},{"id":"1311","count":1},{"id":"1316","count":1},{"id":"1321","count":1},{"id":"1326","count":1},{"id":"1331","count":1},{"id":"3241","count":1},{"id":"3361","count":1},{"id":"3026","count":1},{"id":"3136","count":1},{"id":"2003","count":1},{"id":"3145","count":1},{"id":"3151","count":1},{"id":"3089","count":1},{"id":"3116","count":1},{"id":"3157","count":1}]}]}