{"title":"Annie Build Guide - Mid Lane - By Kritical Kill","type":"custom","map":"any","mode":"any","blocks":[{"type":"Final Build","items":[{"id":"3285","count":1},{"id":"3165","count":1},{"id":"3089","count":1},{"id":"3020","count":1},{"id":"3135","count":1},{"id":"3157","count":1}]},{"type":"Optional Items","items":[{"id":"3102","count":1},{"id":"3026","count":1},{"id":"3158","count":1},{"id":"3041","count":1},{"id":"3027","count":1},{"id":"3116","count":1},{"id":"3023","count":1},{"id":"3290","count":1}]},{"type":"Starting Items","items":[{"id":"1056","count":1},{"id":"2003","count":1},{"id":"3340","count":1}]},{"type":"Alternative Starting Items","items":[{"id":"2041","count":1},{"id":"1055","count":1},{"id":"2003","count":1}]},{"type":"Core Items","items":[{"id":"1056","count":1},{"id":"3285","count":1},{"id":"3165","count":1},{"id":"3020","count":1}]}]}