{"title":"Annie Build Guide  - Support - Zekent","type":"custom","map":"any","blocks":[{"type":"Core Build","items":[{"id":"3117","count":1},{"id":"1001","count":1},{"id":"3108","count":1},{"id":"3096","count":1},{"id":"2045","count":1},{"id":"2049","count":1},{"id":"3069","count":1}]},{"type":"Situational Items","items":[{"id":"3001","count":1},{"id":"3222","count":1},{"id":"3165","count":1},{"id":"3089","count":1},{"id":"3135","count":1},{"id":"3157","count":1}]},{"type":"Full Game Build","items":[{"id":"3001","count":1},{"id":"3117","count":1},{"id":"3222","count":1},{"id":"3089","count":1},{"id":"2045","count":1},{"id":"3069","count":1},{"id":"3135","count":1},{"id":"3157","count":1}]},{"type":"Starting Items","items":[{"id":"3301","count":1},{"id":"2003","count":1},{"id":"3303","count":1}]}]}