{"title":"Trundle Build Guide - Top Lane by Quas","type":"custom","map":"any","blocks":[{"type":"Starting Items","items":[{"id":"1029","count":1},{"id":"1055","count":1},{"id":"2003","count":1},{"id":"3340","count":1}]},{"type":"Core Items","items":[{"id":"3153","count":1},{"id":"3047","count":1},{"id":"3065","count":1},{"id":"3068","count":1}]},{"type":"Late Game Items","items":[{"id":"3153","count":1},{"id":"3361","count":1},{"id":"3047","count":1},{"id":"3143","count":1},{"id":"3065","count":1},{"id":"3068","count":1},{"id":"3078","count":1}]}]}