{"title":"Zed Build Guide - Mid Lane - By Voyboy and Crs Keane","type":"custom","map":"any","mode":"any","blocks":[{"type":"Core Build","items":[{"id":"3144","count":1},{"id":"3153","count":1},{"id":"1001","count":1},{"id":"1037","count":1},{"id":"3134","count":1}]},{"type":"Core Build - Boots","items":[{"id":"3117","count":1},{"id":"3111","count":1},{"id":"3047","count":1}]},{"type":"Full Game Build","items":[{"id":"3153","count":1},{"id":"3361","count":1},{"id":"3026","count":1},{"id":"3035","count":1},{"id":"3111","count":1},{"id":"3071","count":1},{"id":"3142","count":1}]},{"type":"Situational Items","items":[{"id":"3155","count":1},{"id":"3156","count":1},{"id":"3140","count":1},{"id":"3074","count":1}]},{"type":"Starting Items","items":[{"id":"1054","count":1},{"id":"2003","count":1},{"id":"1036","count":1},{"id":"3340","count":1}]}]}