{"title":"Zed Build Guide - Top Lane - Westrice","type":"custom","map":"any","mode":"any","blocks":[{"type":"Situational Early Game Items","items":[{"id":"3155","count":1},{"id":"3134","count":1}]},{"type":"Core Items","items":[{"id":"3026","count":1},{"id":"3072","count":1}]},{"type":"General Build Path","items":[{"id":"1001","count":1},{"id":"1055","count":1},{"id":"3361","count":1},{"id":"3026","count":1},{"id":"3155","count":1},{"id":"3035","count":1},{"id":"3156","count":1},{"id":"3111","count":1},{"id":"3071","count":1},{"id":"3072","count":1},{"id":"3134","count":1}]},{"type":"Starting Items","items":[{"id":"1001","count":1},{"id":"2003","count":1},{"id":"3340","count":1}]},{"type":"Boots","items":[{"id":"3117","count":1},{"id":"1301","count":1},{"id":"1306","count":1},{"id":"1311","count":1},{"id":"1316","count":1},{"id":"1321","count":1},{"id":"1326","count":1},{"id":"1331","count":1},{"id":"3241","count":1},{"id":"3111","count":1},{"id":"3047","count":1}]}]}