{"title":"Zed Build Guide - Jungle - By Kureyami","type":"custom","map":"any","blocks":[{"type":"Starting Items","items":[{"id":"2003","count":1},{"id":"1039","count":1},{"id":"3340","count":1}]},{"type":"Core Items","items":[{"id":"3117","count":1},{"id":"3361","count":1},{"id":"3035","count":1},{"id":"3111","count":1}]},{"type":"Endgame Items","items":[{"id":"3153","count":1},{"id":"3117","count":1},{"id":"1304","count":1},{"id":"1309","count":1},{"id":"1314","count":1},{"id":"1319","count":1},{"id":"1324","count":1},{"id":"1329","count":1},{"id":"1334","count":1},{"id":"3244","count":1},{"id":"3035","count":1},{"id":"3071","count":1},{"id":"3072","count":1},{"id":"3083","count":1}]}]}