{"title":"Nidalee Build Guide - Mid Lane - By Voyboy","type":"custom","map":"any","mode":"any","blocks":[{"type":"Late Game Items (Situational Items)","items":[{"id":"3001","count":1},{"id":"3100","count":1},{"id":"3040","count":1},{"id":"3048","count":1},{"id":"3157","count":1}]},{"type":"Full Game Builds","items":[{"id":"3174","count":1},{"id":"3361","count":1},{"id":"3100","count":1},{"id":"3165","count":1},{"id":"3089","count":1},{"id":"3040","count":1},{"id":"3048","count":1},{"id":"3020","count":1},{"id":"3070","count":1},{"id":"3135","count":1},{"id":"3157","count":1}]},{"type":"Starting Items","items":[{"id":"2041","count":1},{"id":"1056","count":1},{"id":"2003","count":1},{"id":"3340","count":1}]},{"type":"Core Items","items":[{"id":"3174","count":1},{"id":"3165","count":1},{"id":"3089","count":1},{"id":"3020","count":1},{"id":"3070","count":1},{"id":"3135","count":1}]},{"type":"Core Items - Optional Early Game item","items":[{"id":"3191","count":1}]}]}