{"title":"Riven Build Guide - Top Lane - By Revenge","type":"custom","map":"any","blocks":[{"type":"Core Items","items":[{"id":"3035","count":1},{"id":"3140","count":1},{"id":"3074","count":1},{"id":"3071","count":1}]},{"type":"Endgame Items","items":[{"id":"1304","count":1},{"id":"1309","count":1},{"id":"1314","count":1},{"id":"1319","count":1},{"id":"1324","count":1},{"id":"1329","count":1},{"id":"1334","count":1},{"id":"3244","count":1},{"id":"3026","count":1},{"id":"3035","count":1},{"id":"3156","count":1},{"id":"3074","count":1},{"id":"3071","count":1}]},{"type":"Starting Items","items":[{"id":"1029","count":1},{"id":"1055","count":1},{"id":"1054","count":1},{"id":"2003","count":1},{"id":"1036","count":1},{"id":"3340","count":1}]}]}