{"title":"Lucian Build Guide - AD Carry - By DontMashMe","type":"custom","map":"any","blocks":[{"type":"Starting Items","items":[{"id":"1055","count":1},{"id":"2003","count":1},{"id":"3340","count":1}]},{"type":"Boot Enchantments","items":[{"id":"1301","count":1},{"id":"1306","count":1},{"id":"1311","count":1},{"id":"1316","count":1},{"id":"1321","count":1},{"id":"1326","count":1},{"id":"1331","count":1},{"id":"3241","count":1},{"id":"1303","count":1},{"id":"1308","count":1},{"id":"1313","count":1},{"id":"1318","count":1},{"id":"1323","count":1},{"id":"1328","count":1},{"id":"1333","count":1},{"id":"3243","count":1},{"id":"1300","count":1},{"id":"1305","count":1},{"id":"1310","count":1},{"id":"1315","count":1},{"id":"1320","count":1},{"id":"1325","count":1},{"id":"1330","count":1},{"id":"3240","count":1},{"id":"1304","count":1},{"id":"1309","count":1},{"id":"1314","count":1},{"id":"1319","count":1},{"id":"1324","count":1},{"id":"1329","count":1},{"id":"1334","count":1},{"id":"3244","count":1}]},{"type":"Core Items","items":[{"id":"1001","count":1},{"id":"3044","count":1},{"id":"3057","count":1},{"id":"1053","count":1}]},{"type":"Endgame Items","items":[{"id":"3006","count":1},{"id":"3361","count":1},{"id":"3031","count":1},{"id":"3035","count":1},{"id":"3072","count":1},{"id":"3078","count":1}]},{"type":"Defensive Items","items":[{"id":"3102","count":1},{"id":"3022","count":1},{"id":"3026","count":1},{"id":"3156","count":1}]},{"type":"Other Items","items":[{"id":"3046","count":1},{"id":"3087","count":1}]}]}