{"title":"Kayle Build Guide - Support - by Shakarez","type":"custom","map":"any","blocks":[{"type":"Items - Boots","items":[{"id":"3117","count":1},{"id":"3158","count":1},{"id":"3111","count":1}]},{"type":"Items - After Core","items":[{"id":"3060","count":1},{"id":"3092","count":1},{"id":"3110","count":1},{"id":"3100","count":1},{"id":"3190","count":1},{"id":"3115","count":1},{"id":"3089","count":1},{"id":"3023","count":1},{"id":"3290","count":1},{"id":"3157","count":1}]},{"type":"Items - Example Full Game Build","items":[{"id":"3001","count":1},{"id":"3092","count":1},{"id":"3158","count":1},{"id":"3151","count":1},{"id":"3100","count":1},{"id":"3222","count":1},{"id":"3165","count":1},{"id":"3115","count":1},{"id":"3364","count":1},{"id":"3089","count":1},{"id":"2045","count":1},{"id":"3023","count":1},{"id":"3290","count":1},{"id":"3135","count":1},{"id":"3157","count":1}]},{"type":"Items - Starting Items","items":[{"id":"2003","count":1},{"id":"2004","count":1},{"id":"3303","count":1},{"id":"3340","count":1}]},{"type":"Items -  Core Items","items":[{"id":"1001","count":1},{"id":"3098","count":1},{"id":"3222","count":1},{"id":"2049","count":1},{"id":"3341","count":1}]}]}