{"title":"Kayle Guide - Devourer Jungle - By Shakarez","type":"custom","map":"any","blocks":[{"type":"","items":[]},{"type":"Starting Items","items":[{"id":"2003","count":1},{"id":"1039","count":1},{"id":"3340","count":1}]},{"type":"Starting Items","items":[{"id":"2003","count":1},{"id":"1039","count":1},{"id":"3340","count":1}]},{"type":"Core items","items":[{"id":"3722","count":1},{"id":"3718","count":1},{"id":"3710","count":1},{"id":"3726","count":1},{"id":"3158","count":1},{"id":"3091","count":1}]},{"type":"Core items","items":[{"id":"1001","count":1},{"id":"3722","count":1},{"id":"3718","count":1},{"id":"3710","count":1},{"id":"3726","count":1},{"id":"3115","count":1}]},{"type":"Late Game options","items":[{"id":"3001","count":1},{"id":"3722","count":1},{"id":"3718","count":1},{"id":"3710","count":1},{"id":"3726","count":1},{"id":"3158","count":1},{"id":"3151","count":1},{"id":"3085","count":1},{"id":"3116","count":1},{"id":"3135","count":1},{"id":"3091","count":1},{"id":"3157","count":1}]},{"type":"Boots","items":[{"id":"3006","count":1},{"id":"3111","count":1},{"id":"3047","count":1},{"id":"3020","count":1}]},{"type":"Late Game options","items":[{"id":"3001","count":1},{"id":"3722","count":1},{"id":"3718","count":1},{"id":"3710","count":1},{"id":"3726","count":1},{"id":"3151","count":1},{"id":"3111","count":1},{"id":"3115","count":1},{"id":"3089","count":1},{"id":"3085","count":1},{"id":"3116","count":1},{"id":"3135","count":1},{"id":"3157","count":1}]}]}