{"title":"Kayle Build Guide - Solo Lane - By Kayle Bot","type":"custom","map":"any","mode":"any","blocks":[{"type":"Starting Items","items":[{"id":"2041","count":1},{"id":"1056","count":1},{"id":"2003","count":1},{"id":"2004","count":1},{"id":"3340","count":1}]},{"type":"Other Possible purchases for Kayle","items":[{"id":"3001","count":1},{"id":"3102","count":1},{"id":"3006","count":1},{"id":"1303","count":1},{"id":"1308","count":1},{"id":"1313","count":1},{"id":"1318","count":1},{"id":"1323","count":1},{"id":"1328","count":1},{"id":"1333","count":1},{"id":"3243","count":1},{"id":"3026","count":1},{"id":"3124","count":1},{"id":"3146","count":1},{"id":"3151","count":1},{"id":"3100","count":1},{"id":"3115","count":1},{"id":"3089","count":1},{"id":"3085","count":1},{"id":"3020","count":1},{"id":"3135","count":1},{"id":"3172","count":1},{"id":"3157","count":1}]},{"type":"Core Items","items":[{"id":"1001","count":1},{"id":"1056","count":1},{"id":"3115","count":1}]},{"type":"Boots","items":[{"id":"3006","count":1},{"id":"3158","count":1},{"id":"3111","count":1},{"id":"3020","count":1}]},{"type":"Lich Bane Route","items":[{"id":"3100","count":1},{"id":"3089","count":1},{"id":"3057","count":1},{"id":"3135","count":1},{"id":"3157","count":1}]},{"type":"","items":[]},{"type":"Runaan's Hurricane Route","items":[{"id":"3001","count":1},{"id":"3146","count":1},{"id":"3089","count":1},{"id":"3085","count":1},{"id":"3135","count":1},{"id":"3157","count":1}]}]}