{"title":"Ryze Guide - Mid Lane - FacefulOfRyze","type":"custom","map":"any","blocks":[{"type":"Core Items","items":[{"id":"3010","count":1},{"id":"3024","count":1},{"id":"3070","count":1}]},{"type":"Endgame Items","items":[{"id":"3001","count":1},{"id":"3003","count":1},{"id":"3102","count":1},{"id":"3110","count":1},{"id":"3361","count":1},{"id":"3004","count":1},{"id":"3135","count":1},{"id":"3152","count":1}]},{"type":"Starting Items","items":[{"id":"1001","count":1},{"id":"1004","count":1},{"id":"2003","count":1},{"id":"2004","count":1},{"id":"1027","count":1},{"id":"3340","count":1}]}]}