{"title":"Aatrox Build Guide - Jungle - By REFPSI","type":"custom","map":"any","mode":"any","blocks":[{"type":"Starting Items","items":[{"id":"2003","count":1},{"id":"1039","count":1},{"id":"3340","count":1}]},{"type":"Core Items","items":[{"id":"1001","count":1},{"id":"3722","count":1},{"id":"3718","count":1},{"id":"3710","count":1},{"id":"3726","count":1},{"id":"3044","count":1},{"id":"1053","count":1}]},{"type":"Endgame Items","items":[{"id":"3006","count":1},{"id":"3153","count":1},{"id":"3722","count":1},{"id":"3718","count":1},{"id":"3710","count":1},{"id":"3726","count":1},{"id":"3022","count":1},{"id":"3111","count":1},{"id":"3364","count":1},{"id":"3046","count":1},{"id":"3143","count":1},{"id":"3074","count":1},{"id":"3065","count":1},{"id":"3078","count":1},{"id":"3091","count":1}]}]}