{"title":"Aatrox Build Guide - Top Lane - By Quas","type":"custom","map":"any","mode":"any","blocks":[{"type":"Starting Items","items":[{"id":"1055","count":1},{"id":"1054","count":1},{"id":"2003","count":1},{"id":"3340","count":1}]},{"type":"Core Items","items":[{"id":"3111","count":1},{"id":"3047","count":1},{"id":"3143","count":1},{"id":"3074","count":1},{"id":"3065","count":1},{"id":"3078","count":1}]},{"type":"Endgame Items","items":[{"id":"3026","count":1},{"id":"3071","count":1},{"id":"3172","count":1}]}]}