{"title":"Kennen Build Guide - Top Lane - By Team LoLPro","type":"custom","map":"any","mode":"any","blocks":[{"type":"End Game Items - Optional Items","items":[{"id":"3001","count":1},{"id":"3060","count":1},{"id":"3153","count":1},{"id":"3026","count":1},{"id":"3146","count":1},{"id":"3151","count":1},{"id":"3100","count":1},{"id":"3285","count":1},{"id":"3041","count":1},{"id":"3111","count":1},{"id":"3047","count":1},{"id":"3140","count":1},{"id":"3143","count":1},{"id":"3023","count":1},{"id":"3290","count":1},{"id":"3152","count":1}]},{"type":"Starting Items","items":[{"id":"1001","count":1},{"id":"1055","count":1},{"id":"1054","count":1},{"id":"2003","count":1},{"id":"3340","count":1}]},{"type":"Core Items","items":[{"id":"1001","count":1},{"id":"1055","count":1},{"id":"3136","count":1},{"id":"3116","count":1},{"id":"3020","count":1},{"id":"3157","count":1}]},{"type":"End Game Items - Example Full Build","items":[{"id":"3102","count":1},{"id":"3089","count":1},{"id":"3116","count":1},{"id":"3020","count":1},{"id":"3135","count":1},{"id":"3157","count":1}]}]}