{"title":"Heimerdinger Guide - Top Lane - By Ajido","type":"custom","map":"any","blocks":[{"type":"Starting Items","items":[{"id":"1056","count":1},{"id":"2003","count":1}]},{"type":"First Trip Back","items":[{"id":"1056","count":1},{"id":"3020","count":1},{"id":"2043","count":1}]},{"type":"Core Items","items":[{"id":"3135","count":1},{"id":"3157","count":1}]},{"type":"Endgame Items","items":[{"id":"3174","count":1},{"id":"3060","count":1},{"id":"3026","count":1},{"id":"3151","count":1},{"id":"3089","count":1},{"id":"3116","count":1},{"id":"3020","count":1},{"id":"3135","count":1},{"id":"3157","count":1}]}]}