{"title":"Rammus Build Guide - Dominion - By Lyssic","type":"custom","map":"any","blocks":[{"type":"Starting Items","items":[{"id":"1001","count":1},{"id":"1011","count":1},{"id":"2003","count":1}]},{"type":"Core Items - Defensive","items":[{"id":"3105","count":1},{"id":"3111","count":1},{"id":"3082","count":1}]},{"type":"Core Items - Offensive","items":[{"id":"3001","count":1},{"id":"3020","count":1},{"id":"3068","count":1}]},{"type":"Endgame Items - Defensive","items":[{"id":"1301","count":1},{"id":"1306","count":1},{"id":"1311","count":1},{"id":"1316","count":1},{"id":"1321","count":1},{"id":"1326","count":1},{"id":"1331","count":1},{"id":"3241","count":1},{"id":"3110","count":1},{"id":"3190","count":1},{"id":"3111","count":1},{"id":"3180","count":1},{"id":"3143","count":1},{"id":"3068","count":1}]},{"type":"Endgame Items - Offensive","items":[{"id":"3001","count":1},{"id":"1301","count":1},{"id":"1306","count":1},{"id":"1311","count":1},{"id":"1316","count":1},{"id":"1321","count":1},{"id":"1326","count":1},{"id":"1331","count":1},{"id":"3241","count":1},{"id":"3020","count":1},{"id":"3068","count":1},{"id":"3075","count":1},{"id":"3135","count":1}]}]}