{"title":"Rammus Build Guide - Jungle - By Crs IWillDominate","type":"custom","map":"any","mode":"any","blocks":[{"type":"Starting Build","items":[{"id":"2003","count":1},{"id":"1039","count":1},{"id":"3340","count":1}]},{"type":"Core Items","items":[{"id":"3742","count":1},{"id":"3717","count":1},{"id":"3709","count":1},{"id":"3725","count":1},{"id":"3721","count":1},{"id":"3111","count":1},{"id":"3341","count":1}]},{"type":"Endgame Items","items":[{"id":"3102","count":1},{"id":"3742","count":1},{"id":"3717","count":1},{"id":"3709","count":1},{"id":"3725","count":1},{"id":"3721","count":1},{"id":"3111","count":1},{"id":"3364","count":1},{"id":"3143","count":1},{"id":"3800","count":1}]}]}