{"title":"Irelia Build Guide - Top Lane - By Crs Quas","type":"custom","map":"any","blocks":[{"type":"Starting Items","items":[{"id":"2041","count":1},{"id":"1055","count":1},{"id":"1054","count":1},{"id":"2003","count":1},{"id":"3340","count":1}]},{"type":"Mid Game Items","items":[{"id":"3006","count":1},{"id":"1055","count":1},{"id":"3078","count":1},{"id":"3172","count":1}]},{"type":"End Game Build","items":[{"id":"3102","count":1},{"id":"3006","count":1},{"id":"3143","count":1},{"id":"3078","count":1},{"id":"3172","count":1}]},{"type":"6th Item Choices","items":[{"id":"3102","count":1},{"id":"3153","count":1},{"id":"3110","count":1},{"id":"3026","count":1},{"id":"3156","count":1},{"id":"3047","count":1},{"id":"3065","count":1},{"id":"3075","count":1},{"id":"3083","count":1}]}]}