{"title":"Varus Build Guide - Mid Lane - by LoLPro","type":"custom","map":"any","mode":"any","blocks":[{"type":"Endgame Items","items":[{"id":"3102","count":1},{"id":"3363","count":1},{"id":"3026","count":1},{"id":"3031","count":1},{"id":"3158","count":1},{"id":"3035","count":1},{"id":"3004","count":1},{"id":"3139","count":1},{"id":"3141","count":1},{"id":"3072","count":1},{"id":"3142","count":1}]},{"type":"Starting Items","items":[{"id":"2041","count":1},{"id":"1055","count":1},{"id":"2003","count":1},{"id":"2004","count":1},{"id":"3340","count":1}]},{"type":"Core Build","items":[{"id":"1001","count":1},{"id":"3004","count":1},{"id":"3134","count":1},{"id":"3340","count":1}]}]}