{"title":"Ezreal Build Guide - Dominion - By BuddhaRice","type":"custom","map":"any","mode":"any","blocks":[{"type":"Starting Items","items":[{"id":"1001","count":1},{"id":"3159","count":1},{"id":"2003","count":1},{"id":"1062","count":1}]},{"type":"Core Items","items":[{"id":"1001","count":1},{"id":"3035","count":1},{"id":"3181","count":1},{"id":"3057","count":1},{"id":"3134","count":1}]},{"type":"Endgame Items","items":[{"id":"1300","count":1},{"id":"1305","count":1},{"id":"1310","count":1},{"id":"1315","count":1},{"id":"1320","count":1},{"id":"1325","count":1},{"id":"1330","count":1},{"id":"3240","count":1},{"id":"3025","count":1},{"id":"3035","count":1},{"id":"3156","count":1},{"id":"3181","count":1},{"id":"3071","count":1}]}]}