{"title":"Ezreal Build Guide - Mid Lane - By Cop","type":"custom","map":"any","blocks":[{"type":"Alternate Build","items":[{"id":"1001","count":1},{"id":"1056","count":1},{"id":"3100","count":1},{"id":"3089","count":1},{"id":"3027","count":1},{"id":"3057","count":1},{"id":"3020","count":1},{"id":"3135","count":1},{"id":"3157","count":1}]},{"type":"Starting Items","items":[{"id":"1001","count":1},{"id":"2003","count":1},{"id":"3340","count":1}]},{"type":"Core Items","items":[{"id":"1001","count":1},{"id":"1056","count":1},{"id":"3089","count":1},{"id":"3057","count":1},{"id":"3020","count":1}]},{"type":"Endgame Items","items":[{"id":"3102","count":1},{"id":"1001","count":1},{"id":"1056","count":1},{"id":"1301","count":1},{"id":"1306","count":1},{"id":"1311","count":1},{"id":"1316","count":1},{"id":"1321","count":1},{"id":"1326","count":1},{"id":"1331","count":1},{"id":"3241","count":1},{"id":"3361","count":1},{"id":"3100","count":1},{"id":"3089","count":1},{"id":"3057","count":1},{"id":"3020","count":1},{"id":"3135","count":1},{"id":"3157","count":1}]}]}