{"title":"Ezreal Build Guide - Jungle - By Saintvicious","type":"custom","map":"any","blocks":[{"type":"Starting Items","items":[{"id":"2003","count":1},{"id":"1039","count":1},{"id":"3340","count":1}]},{"type":"Core Items","items":[{"id":"3153","count":1},{"id":"3722","count":1},{"id":"3718","count":1},{"id":"3710","count":1},{"id":"3726","count":1},{"id":"3158","count":1}]},{"type":"Endgame Items","items":[{"id":"3153","count":1},{"id":"3722","count":1},{"id":"3718","count":1},{"id":"3710","count":1},{"id":"3726","count":1},{"id":"1304","count":1},{"id":"1309","count":1},{"id":"1314","count":1},{"id":"1319","count":1},{"id":"1324","count":1},{"id":"1329","count":1},{"id":"1334","count":1},{"id":"3244","count":1},{"id":"3158","count":1},{"id":"3035","count":1},{"id":"3004","count":1}]}]}