{"title":"Sejuani Build Guide - Jungle - LoLPro heavenTime","type":"custom","map":"any","mode":"any","blocks":[{"type":"Endgame Items - Optional Items","items":[{"id":"3001","count":1},{"id":"3102","count":1},{"id":"3110","count":1},{"id":"3026","count":1},{"id":"3190","count":1},{"id":"3075","count":1}]},{"type":"Starting Items","items":[{"id":"2003","count":1},{"id":"1039","count":1},{"id":"3340","count":1}]},{"type":"Core Items","items":[{"id":"3717","count":1},{"id":"3709","count":1},{"id":"3725","count":1},{"id":"3721","count":1},{"id":"1011","count":1},{"id":"3136","count":1},{"id":"3111","count":1},{"id":"3020","count":1}]},{"type":"Endgame Items - Final Build","items":[{"id":"3717","count":1},{"id":"3709","count":1},{"id":"3725","count":1},{"id":"3721","count":1},{"id":"3026","count":1},{"id":"3111","count":1},{"id":"3143","count":1},{"id":"3800","count":1},{"id":"3065","count":1},{"id":"3341","count":1}]}]}