{"title":"Tahm Kench Build Guide - Support - by LoLPro","type":"custom","map":"any","blocks":[{"type":"Endgame Items - Optional Items","items":[{"id":"3102","count":1},{"id":"3110","count":1},{"id":"3111","count":1},{"id":"3222","count":1}]},{"type":"Starting Items","items":[{"id":"2003","count":1},{"id":"3302","count":1},{"id":"3340","count":1}]},{"type":"Core Items","items":[{"id":"3117","count":1},{"id":"3364","count":1},{"id":"3800","count":1},{"id":"2049","count":1},{"id":"3097","count":1}]},{"type":"Endgame Items - Full Build","items":[{"id":"3117","count":1},{"id":"3401","count":1},{"id":"3190","count":1},{"id":"3364","count":1},{"id":"3143","count":1},{"id":"3800","count":1},{"id":"2045","count":1}]}]}