{"title":"Lee Sin Build Guide - Jungle - By Crs Pat","type":"custom","map":"any","blocks":[{"type":"Core Items(Assassin)","items":[{"id":"3707","count":1},{"id":"3723","count":1},{"id":"3714","count":1},{"id":"3719","count":1},{"id":"3361","count":1},{"id":"3035","count":1},{"id":"3111","count":1},{"id":"2045","count":1},{"id":"3071","count":1}]},{"type":"Starting Items","items":[{"id":"2003","count":1},{"id":"1039","count":1},{"id":"3340","count":1}]},{"type":"Core Items(Tank)","items":[{"id":"3361","count":1},{"id":"3026","count":1},{"id":"3190","count":1},{"id":"3047","count":1},{"id":"3143","count":1},{"id":"2045","count":1}]}]}