{"title":"Lee Sin Build Guide - Dominion - By Lyssic","type":"custom","map":"any","mode":"any","blocks":[{"type":"Endgame Items","items":[{"id":"1301","count":1},{"id":"1306","count":1},{"id":"1311","count":1},{"id":"1316","count":1},{"id":"1321","count":1},{"id":"1326","count":1},{"id":"1331","count":1},{"id":"3241","count":1},{"id":"3022","count":1},{"id":"3035","count":1},{"id":"3190","count":1},{"id":"3111","count":1},{"id":"3071","count":1},{"id":"3185","count":1}]},{"type":"Starting Items","items":[{"id":"1001","count":1},{"id":"2003","count":1},{"id":"1062","count":1}]},{"type":"Core Items","items":[{"id":"3159","count":1},{"id":"3035","count":1},{"id":"3111","count":1},{"id":"3134","count":1}]}]}