{"title":"Skarner Build Guide - Jungle - By Gentleman Gustaf","type":"custom","map":"any","blocks":[{"type":"Against Heavy Physical Teams","items":[{"id":"3143","count":1},{"id":"3075","count":1}]},{"type":"Against Heavy Magic Teams","items":[{"id":"3001","count":1},{"id":"3174","count":1},{"id":"3102","count":1},{"id":"3023","count":1},{"id":"3290","count":1},{"id":"3091","count":1}]},{"type":"Starting Items","items":[{"id":"2003","count":1},{"id":"1039","count":1},{"id":"3340","count":1}]},{"type":"Core Items","items":[{"id":"3024","count":1},{"id":"3047","count":1}]},{"type":"Endgame Items","items":[{"id":"3102","count":1},{"id":"3190","count":1},{"id":"3047","count":1},{"id":"3364","count":1},{"id":"3143","count":1}]}]}