{"title":"Swain Build Guide - Mid Lane - By Chu8","type":"custom","map":"any","mode":"any","blocks":[{"type":"Core Items","items":[{"id":"3027","count":1},{"id":"3191","count":1},{"id":"3157","count":1}]},{"type":"Endgame Items","items":[{"id":"3001","count":1},{"id":"3003","count":1},{"id":"3361","count":1},{"id":"3151","count":1},{"id":"3027","count":1},{"id":"3020","count":1},{"id":"3157","count":1}]},{"type":"Viable Options","items":[{"id":"3174","count":1},{"id":"3102","count":1},{"id":"3026","count":1},{"id":"3116","count":1},{"id":"3065","count":1},{"id":"3135","count":1},{"id":"3152","count":1}]},{"type":"","items":[{"id":"1001","count":1},{"id":"2003","count":1},{"id":"2004","count":1},{"id":"3340","count":1}]},{"type":"Which Boots?","items":[{"id":"3111","count":1},{"id":"3020","count":1}]}]}