{"title":"Corki Build Guide - Duo Bot Lane - By Cop","type":"custom","map":"any","blocks":[{"type":"Defensive and Situational Items","items":[{"id":"3102","count":1},{"id":"3026","count":1},{"id":"3151","count":1},{"id":"3139","count":1},{"id":"3083","count":1}]},{"type":"Starting Build","items":[{"id":"1055","count":1},{"id":"3340","count":1}]},{"type":"Core Item Build To Mid Game","items":[{"id":"1055","count":1},{"id":"3035","count":1},{"id":"3020","count":1},{"id":"3078","count":1}]},{"type":"Standard Late Game Build","items":[{"id":"3153","count":1},{"id":"3361","count":1},{"id":"3026","count":1},{"id":"3031","count":1},{"id":"3035","count":1},{"id":"3020","count":1},{"id":"3078","count":1}]}]}