{"title":"Udyr - Phoenix Stance Top Lane - By Trick2g","type":"custom","map":"any","mode":"any","blocks":[{"type":"Core Items - VS AD","items":[{"id":"1303","count":1},{"id":"1308","count":1},{"id":"1313","count":1},{"id":"1318","count":1},{"id":"1323","count":1},{"id":"1328","count":1},{"id":"1333","count":1},{"id":"3243","count":1},{"id":"3047","count":1},{"id":"3068","count":1},{"id":"3070","count":1}]},{"type":"Situational Items","items":[{"id":"3153","count":1},{"id":"3025","count":1},{"id":"3091","count":1}]},{"type":"Core Items - VS AP","items":[{"id":"1303","count":1},{"id":"1308","count":1},{"id":"1313","count":1},{"id":"1318","count":1},{"id":"1323","count":1},{"id":"1328","count":1},{"id":"1333","count":1},{"id":"3243","count":1},{"id":"3111","count":1},{"id":"3065","count":1},{"id":"3070","count":1}]},{"type":"Late Game Item Purchases - VS AD","items":[{"id":"3361","count":1},{"id":"3067","count":1},{"id":"3004","count":1},{"id":"3143","count":1},{"id":"3065","count":1},{"id":"3101","count":1},{"id":"3078","count":1},{"id":"3172","count":1}]},{"type":"Late Game Item Purchases - Side Note: VS FULL AD","items":[{"id":"3110","count":1},{"id":"3024","count":1},{"id":"3361","count":1},{"id":"3004","count":1},{"id":"3101","count":1},{"id":"3078","count":1},{"id":"3172","count":1}]},{"type":"Starting Items","items":[{"id":"1029","count":1},{"id":"1004","count":1},{"id":"2003","count":1},{"id":"2004","count":1},{"id":"3340","count":1}]},{"type":"Late Game Item Purchases -  VS AP","items":[{"id":"3110","count":1},{"id":"3004","count":1},{"id":"3065","count":1},{"id":"3068","count":1},{"id":"3078","count":1}]}]}