{"title":"Udyr Build Guide - Jungle Tiger Stance - By Saintvicious","type":"custom","map":"any","mode":"any","blocks":[{"type":"Final Game Build","items":[{"id":"3153","count":1},{"id":"3717","count":1},{"id":"3709","count":1},{"id":"3725","count":1},{"id":"3721","count":1},{"id":"3110","count":1},{"id":"3361","count":1},{"id":"3156","count":1},{"id":"3111","count":1},{"id":"3078","count":1}]},{"type":"Starting Items","items":[{"id":"2003","count":1},{"id":"1039","count":1},{"id":"3340","count":1}]},{"type":"Mid Game Build","items":[{"id":"3717","count":1},{"id":"3709","count":1},{"id":"3725","count":1},{"id":"3721","count":1},{"id":"3110","count":1},{"id":"3111","count":1},{"id":"3078","count":1},{"id":"3340","count":1}]}]}