{"title":"Udyr Build Guide - Dominion - By Fancy Wolf","type":"custom","map":"any","blocks":[{"type":"Starting Items","items":[{"id":"1001","count":1},{"id":"2003","count":1},{"id":"1062","count":1}]},{"type":"Core Items","items":[{"id":"3009","count":1},{"id":"3067","count":1},{"id":"3111","count":1},{"id":"1062","count":1},{"id":"3181","count":1},{"id":"3134","count":1}]},{"type":"Endgame Items","items":[{"id":"3035","count":1},{"id":"3111","count":1},{"id":"3143","count":1},{"id":"3181","count":1},{"id":"3065","count":1},{"id":"3142","count":1}]}]}