{"title":"Warwick Build Guide - Dominion - By Northpaw","type":"custom","map":"any","mode":"any","blocks":[{"type":"Starting Items","items":[{"id":"1001","count":1},{"id":"2003","count":1},{"id":"1063","count":1}]},{"type":"Core Items","items":[{"id":"3348","count":1},{"id":"3187","count":1},{"id":"3111","count":1},{"id":"3065","count":1},{"id":"3091","count":1}]},{"type":"Endgame Items","items":[{"id":"3348","count":1},{"id":"3187","count":1},{"id":"3025","count":1},{"id":"3151","count":1},{"id":"3111","count":1},{"id":"3065","count":1},{"id":"3091","count":1}]}]}