{"title":"Warwick Build Guide - Top Lane - By Youngbuck","type":"custom","map":"any","mode":"any","blocks":[{"type":"Starting Items","items":[{"id":"1001","count":1},{"id":"1029","count":1},{"id":"1056","count":1},{"id":"2003","count":1},{"id":"3340","count":1}]},{"type":"Core Items","items":[{"id":"3024","count":1},{"id":"3111","count":1},{"id":"3065","count":1},{"id":"3091","count":1}]},{"type":"Endgame Items","items":[{"id":"3102","count":1},{"id":"3153","count":1},{"id":"3361","count":1}]}]}