{"title":"Lulu Pro Guide - Mid Lane - Voyboy","type":"custom","map":"any","mode":"any","blocks":[{"type":"Starting Items","items":[{"id":"2041","count":1},{"id":"1056","count":1},{"id":"2003","count":1},{"id":"2004","count":1},{"id":"3340","count":1}]},{"type":"Starting Items - Core items","items":[{"id":"3174","count":1},{"id":"3165","count":1},{"id":"3089","count":1},{"id":"3135","count":1},{"id":"3157","count":1}]},{"type":"Starting Items - Boots:","items":[{"id":"3111","count":1},{"id":"3020","count":1}]},{"type":"Endgame Items","items":[{"id":"3001","count":1},{"id":"3100","count":1},{"id":"3285","count":1},{"id":"3157","count":1}]}]}