{"title":"Lulu Build Guide - Dominion - By Mad Suppordle","type":"custom","map":"any","mode":"any","blocks":[{"type":"Starting Items","items":[{"id":"1001","count":1},{"id":"3028","count":1},{"id":"2003","count":1},{"id":"3067","count":1},{"id":"2004","count":1},{"id":"1063","count":1}]},{"type":"Core Items","items":[{"id":"3108","count":1},{"id":"3067","count":1},{"id":"3047","count":1},{"id":"1063","count":1},{"id":"3020","count":1}]},{"type":"Endgame Items","items":[{"id":"3151","count":1},{"id":"3190","count":1},{"id":"3115","count":1},{"id":"3047","count":1},{"id":"3020","count":1},{"id":"3065","count":1},{"id":"3023","count":1},{"id":"3290","count":1},{"id":"3135","count":1},{"id":"3091","count":1},{"id":"3050","count":1}]}]}