{"title":"Volibear Build Guide - Top Lane - By Allorim","type":"custom","map":"any","blocks":[{"type":"Endgame Items","items":[{"id":"3022","count":1},{"id":"3361","count":1},{"id":"3026","count":1},{"id":"3143","count":1},{"id":"3083","count":1}]},{"type":"Starting Items","items":[{"id":"1001","count":1},{"id":"1029","count":1},{"id":"2003","count":1},{"id":"3340","count":1}]},{"type":"First back objective","items":[{"id":"1055","count":1},{"id":"2003","count":1},{"id":"3111","count":1},{"id":"3047","count":1},{"id":"3044","count":1},{"id":"3134","count":1},{"id":"3154","count":1}]},{"type":"Core Items","items":[{"id":"3065","count":1},{"id":"3071","count":1},{"id":"3091","count":1}]}]}