{"title":"Evelynn Guide - Jungle - By PatouLoL","type":"custom","map":"any","mode":"any","blocks":[{"type":"Core Items versus AP heavy enemies - Optional Items","items":[{"id":"3001","count":1},{"id":"3102","count":1},{"id":"3117","count":1},{"id":"3110","count":1},{"id":"3158","count":1},{"id":"3285","count":1},{"id":"3140","count":1},{"id":"3089","count":1},{"id":"3143","count":1},{"id":"2049","count":1},{"id":"3075","count":1}]},{"type":"Starting Items","items":[{"id":"2003","count":1},{"id":"1039","count":1},{"id":"3340","count":1}]},{"type":"Core Items versus AP heavy enemies","items":[{"id":"3742","count":1},{"id":"3708","count":1},{"id":"3724","count":1},{"id":"3720","count":1},{"id":"3716","count":1},{"id":"3111","count":1},{"id":"3047","count":1},{"id":"3116","count":1},{"id":"3340","count":1}]},{"type":"Core Items versus AP heavy enemies - Endgame Items","items":[{"id":"3742","count":1},{"id":"3708","count":1},{"id":"3724","count":1},{"id":"3720","count":1},{"id":"3716","count":1},{"id":"3190","count":1},{"id":"3111","count":1},{"id":"3364","count":1},{"id":"3116","count":1},{"id":"3157","count":1}]}]}