{"title":"Tristana Guide - Bot - By Crs Impactful","type":"custom","map":"any","blocks":[{"type":"Midgame Items","items":[{"id":"1001","count":1},{"id":"1055","count":1},{"id":"3031","count":1},{"id":"3046","count":1}]},{"type":"Endgame Items","items":[{"id":"3006","count":1},{"id":"3153","count":1},{"id":"3361","count":1},{"id":"3031","count":1},{"id":"3035","count":1},{"id":"3046","count":1},{"id":"3072","count":1}]},{"type":"Starting Items","items":[{"id":"1055","count":1},{"id":"2003","count":1},{"id":"3340","count":1}]}]}