{"title":"Morgana Build Guide - Support - By Xpecial","type":"custom","map":"any","blocks":[{"type":"Starting Items","items":[{"id":"2003","count":1},{"id":"2004","count":1},{"id":"3303","count":1},{"id":"3340","count":1}]},{"type":"Core Build","items":[{"id":"1001","count":1},{"id":"3098","count":1},{"id":"1028","count":1},{"id":"2049","count":1}]},{"type":"Core Build - Boots","items":[{"id":"3117","count":1},{"id":"3158","count":1}]},{"type":"After Core","items":[{"id":"3117","count":1},{"id":"3092","count":1},{"id":"3158","count":1},{"id":"3190","count":1},{"id":"3222","count":1},{"id":"3089","count":1},{"id":"3143","count":1},{"id":"3069","count":1},{"id":"3023","count":1},{"id":"3290","count":1},{"id":"3135","count":1},{"id":"3157","count":1}]},{"type":"Full Game Build examples","items":[{"id":"3117","count":1},{"id":"3092","count":1},{"id":"3158","count":1},{"id":"3222","count":1},{"id":"2045","count":1},{"id":"3023","count":1},{"id":"3290","count":1},{"id":"3157","count":1}]}]}