{"title":"Ekko Build Guide - Solo Lane - By LoLPro","type":"custom","map":"any","mode":"any","blocks":[{"type":"Starting Items","items":[{"id":"2041","count":1},{"id":"1056","count":1},{"id":"2003","count":1},{"id":"3340","count":1}]},{"type":"Core Build","items":[{"id":"1056","count":1},{"id":"3165","count":1},{"id":"3020","count":1},{"id":"3157","count":1}]},{"type":"Endgame Items - Full Game Build - Assassin","items":[{"id":"3100","count":1},{"id":"3165","count":1},{"id":"3089","count":1},{"id":"3020","count":1},{"id":"3135","count":1},{"id":"3157","count":1}]},{"type":"Endgame Items - Full Game Build - Bruiser","items":[{"id":"3026","count":1},{"id":"3089","count":1},{"id":"3027","count":1},{"id":"3020","count":1},{"id":"3135","count":1},{"id":"3157","count":1}]},{"type":"Endgame Items - Optional Items","items":[{"id":"3001","count":1},{"id":"3174","count":1},{"id":"3102","count":1},{"id":"3110","count":1},{"id":"3285","count":1},{"id":"3041","count":1},{"id":"3111","count":1},{"id":"3115","count":1},{"id":"3140","count":1},{"id":"3116","count":1},{"id":"3075","count":1}]}]}