{"title":"Janna Build Guide  - Support - By BunnyFuFuu","type":"custom","map":"any","mode":"any","blocks":[{"type":"Item Build - Core Item Build","items":[{"id":"3114","count":1},{"id":"3098","count":1},{"id":"3158","count":1},{"id":"2049","count":1},{"id":"3341","count":1}]},{"type":"Item Build - Mejai's","items":[{"id":"3041","count":1}]},{"type":"Item Build - Final Build","items":[{"id":"3098","count":1},{"id":"3158","count":1},{"id":"3041","count":1},{"id":"3222","count":1},{"id":"3089","count":1},{"id":"2045","count":1},{"id":"3157","count":1}]},{"type":"Item Build - Situational Items","items":[{"id":"3174","count":1},{"id":"3102","count":1},{"id":"3190","count":1},{"id":"3050","count":1},{"id":"3157","count":1}]},{"type":"Item Build - Starting Items","items":[{"id":"2003","count":1},{"id":"2004","count":1},{"id":"3303","count":1},{"id":"3340","count":1}]}]}