{"title":"Janna Build Guide - Mid - By Leirkov","type":"custom","map":"any","blocks":[{"type":"Starting Items","items":[{"id":"1001","count":1},{"id":"2003","count":1},{"id":"3340","count":1}]},{"type":"Core Items","items":[{"id":"1056","count":1},{"id":"3361","count":1},{"id":"3158","count":1},{"id":"3089","count":1},{"id":"3020","count":1}]},{"type":"Full Game Build","items":[{"id":"3361","count":1},{"id":"3158","count":1},{"id":"3165","count":1},{"id":"3089","count":1},{"id":"3135","count":1},{"id":"3152","count":1},{"id":"3157","count":1}]},{"type":"Viable Options","items":[{"id":"3001","count":1},{"id":"3174","count":1},{"id":"3102","count":1},{"id":"3026","count":1},{"id":"3140","count":1}]}]}