{"title":"Poppy Build Guide - Top Lane - By Quas","type":"custom","map":"any","mode":"any","blocks":[{"type":"Starting Items","items":[{"id":"1029","count":1},{"id":"2041","count":1},{"id":"1055","count":1},{"id":"2003","count":1},{"id":"3340","count":1}]},{"type":"Core Items","items":[{"id":"3153","count":1},{"id":"3047","count":1},{"id":"3078","count":1}]},{"type":"Endgame Items","items":[{"id":"3102","count":1},{"id":"3153","count":1},{"id":"3361","count":1},{"id":"3031","count":1},{"id":"3047","count":1},{"id":"3078","count":1},{"id":"3172","count":1}]}]}