{"title":"Dr. Mundo Build Guide - Jungle - By Lolpro heavenTime","type":"custom","map":"any","blocks":[{"type":"Core Items","items":[{"id":"3717","count":1},{"id":"3709","count":1},{"id":"3725","count":1},{"id":"3721","count":1},{"id":"3111","count":1},{"id":"3364","count":1}]},{"type":"Endgame Items","items":[{"id":"3102","count":1},{"id":"3717","count":1},{"id":"3709","count":1},{"id":"3725","count":1},{"id":"3721","count":1},{"id":"3151","count":1},{"id":"3190","count":1},{"id":"3111","count":1},{"id":"3364","count":1},{"id":"3143","count":1},{"id":"3800","count":1},{"id":"3065","count":1},{"id":"3075","count":1},{"id":"3083","count":1}]},{"type":"Starting Items","items":[{"id":"2003","count":1},{"id":"1039","count":1},{"id":"3340","count":1}]}]}