{"title":"Elise Build Guide - Support - By Rhux","type":"custom","map":"any","blocks":[{"type":"Starting Items","items":[{"id":"2003","count":1},{"id":"2004","count":1},{"id":"3341","count":1},{"id":"2043","count":1}]},{"type":"Core Items","items":[{"id":"3136","count":1},{"id":"3190","count":1},{"id":"2045","count":1},{"id":"3020","count":1}]},{"type":"Endgame Items","items":[{"id":"3151","count":1},{"id":"3190","count":1},{"id":"3364","count":1},{"id":"2045","count":1},{"id":"3116","count":1},{"id":"3020","count":1},{"id":"3069","count":1}]}]}