{"title":"Elise Build Guide - Jungle - By crs_saintvicious","type":"custom","map":"any","mode":"any","blocks":[{"type":"Starting Items","items":[{"id":"2003","count":1},{"id":"1039","count":1},{"id":"3340","count":1}]},{"type":"Core Items","items":[{"id":"3717","count":1},{"id":"3709","count":1},{"id":"3725","count":1},{"id":"3721","count":1},{"id":"3136","count":1},{"id":"3020","count":1}]},{"type":"Endgame Items - Full Game Build","items":[{"id":"3001","count":1},{"id":"3717","count":1},{"id":"3709","count":1},{"id":"3725","count":1},{"id":"3721","count":1},{"id":"3151","count":1},{"id":"3364","count":1},{"id":"3143","count":1},{"id":"3116","count":1},{"id":"3020","count":1}]},{"type":"Endgame Items - Optional Items","items":[{"id":"3047","count":1},{"id":"3065","count":1},{"id":"3068","count":1},{"id":"3075","count":1},{"id":"3135","count":1},{"id":"3157","count":1}]}]}