{"title":"Elise Build Guide - Mid Lane - By Zakkers","type":"custom","map":"any","mode":"any","blocks":[{"type":"General Item Build - Late Game Goals","items":[{"id":"3001","count":1},{"id":"1301","count":1},{"id":"1306","count":1},{"id":"1311","count":1},{"id":"1316","count":1},{"id":"1321","count":1},{"id":"1326","count":1},{"id":"1331","count":1},{"id":"3241","count":1},{"id":"3361","count":1},{"id":"3026","count":1},{"id":"3151","count":1},{"id":"3089","count":1},{"id":"3116","count":1},{"id":"3020","count":1},{"id":"3135","count":1},{"id":"3157","count":1}]},{"type":"General Item Build - Starting Items","items":[{"id":"2041","count":1},{"id":"3340","count":1}]},{"type":"General Item Build - Mid Game Goals","items":[{"id":"3136","count":1},{"id":"3020","count":1}]}]}