{"title":"Elise Guide - AP Top- By Arthelon","type":"custom","map":"any","mode":"any","blocks":[{"type":"Alternative Tank Build","items":[{"id":"3001","count":1},{"id":"3110","count":1},{"id":"3136","count":1},{"id":"3020","count":1},{"id":"3068","count":1},{"id":"3083","count":1}]},{"type":"Starting Items","items":[{"id":"2041","count":1},{"id":"2003","count":1},{"id":"3340","count":1}]},{"type":"Core Items","items":[{"id":"3136","count":1},{"id":"3116","count":1},{"id":"3020","count":1}]},{"type":"Endgame Items","items":[{"id":"3102","count":1},{"id":"3151","count":1},{"id":"3116","count":1},{"id":"3020","count":1},{"id":"3135","count":1},{"id":"3157","count":1}]}]}