{"title":"Blitzcrank Build Guide - Jungle - By Saintvicious","type":"custom","map":"any","mode":"any","blocks":[{"type":"Boot Options","items":[{"id":"3047","count":1}]},{"type":"Core Items","items":[{"id":"3102","count":1},{"id":"3110","count":1},{"id":"3025","count":1}]},{"type":"Core Items - Optional Items","items":[{"id":"3190","count":1},{"id":"3143","count":1},{"id":"3800","count":1}]},{"type":"Sample Endgame Build","items":[{"id":"3102","count":1},{"id":"3110","count":1},{"id":"3025","count":1},{"id":"3190","count":1},{"id":"3111","count":1},{"id":"3364","count":1},{"id":"3143","count":1}]},{"type":"Starting Items","items":[{"id":"2003","count":1},{"id":"1039","count":1},{"id":"3340","count":1}]}]}