{"title":"Blitzcrank Build Guide - Support - Sheep","type":"custom","map":"any","mode":"any","blocks":[{"type":"Starting Items","items":[{"id":"1054","count":1},{"id":"2003","count":1},{"id":"3340","count":1}]},{"type":"Or","items":[{"id":"3301","count":1},{"id":"2003","count":1},{"id":"2004","count":1},{"id":"3340","count":1}]},{"type":"Core Items","items":[{"id":"3117","count":1},{"id":"2045","count":1},{"id":"3069","count":1}]},{"type":"Full Game Build","items":[{"id":"3117","count":1},{"id":"3190","count":1},{"id":"3222","count":1},{"id":"3364","count":1},{"id":"3143","count":1},{"id":"2045","count":1},{"id":"3069","count":1}]}]}