{"title":"Caitlyn Build Guide - Marksman - By Cop","type":"custom","map":"any","blocks":[{"type":"Starting Items","items":[{"id":"1055","count":1},{"id":"2003","count":1},{"id":"3340","count":1}]},{"type":"Endgame Items - Optional Items","items":[{"id":"3102","count":1},{"id":"3022","count":1},{"id":"3143","count":1},{"id":"3172","count":1}]},{"type":"Core Items","items":[{"id":"3006","count":1},{"id":"1055","count":1},{"id":"3031","count":1},{"id":"3046","count":1}]},{"type":"Endgame Items - Standard Full Build","items":[{"id":"3006","count":1},{"id":"3153","count":1},{"id":"3361","count":1},{"id":"3031","count":1},{"id":"3035","count":1},{"id":"3139","count":1},{"id":"3046","count":1}]},{"type":"Endgame Items - Magical Heavy Team","items":[{"id":"3361","count":1},{"id":"3031","count":1},{"id":"3035","count":1},{"id":"3139","count":1},{"id":"3111","count":1},{"id":"3046","count":1},{"id":"3072","count":1}]},{"type":"Endgame Items - Physical Heavy Team","items":[{"id":"3006","count":1},{"id":"3362","count":1},{"id":"3026","count":1},{"id":"3031","count":1},{"id":"3035","count":1},{"id":"3046","count":1},{"id":"3072","count":1}]}]}