{"title":"Renekton Build Guide - Top Lane - By SoloRenektonOnly","type":"custom","map":"any","mode":"any","blocks":[{"type":"Core Items","items":[{"id":"1001","count":1},{"id":"1055","count":1},{"id":"3155","count":1},{"id":"3111","count":1},{"id":"3047","count":1},{"id":"3068","count":1},{"id":"3134","count":1}]},{"type":"End Game Items -  vs AD","items":[{"id":"1001","count":1},{"id":"3361","count":1},{"id":"3047","count":1},{"id":"3143","count":1},{"id":"3074","count":1},{"id":"3065","count":1},{"id":"3068","count":1},{"id":"3071","count":1},{"id":"3134","count":1}]},{"type":"End Game Items - Vs AP","items":[{"id":"1001","count":1},{"id":"3361","count":1},{"id":"3155","count":1},{"id":"3156","count":1},{"id":"3111","count":1},{"id":"3143","count":1},{"id":"3065","count":1},{"id":"3068","count":1},{"id":"3071","count":1},{"id":"3134","count":1}]},{"type":"End Game Items - Situational Items","items":[{"id":"3153","count":1},{"id":"3035","count":1},{"id":"3190","count":1},{"id":"3074","count":1},{"id":"3072","count":1},{"id":"3083","count":1}]},{"type":"Starting Items","items":[{"id":"1054","count":1},{"id":"2003","count":1},{"id":"3340","count":1}]}]}