{"title":"Gangplank Build Guide - Top Lane - By Team LoLPro","type":"custom","map":"any","mode":"any","blocks":[{"type":"Core Items","items":[{"id":"1001","count":1},{"id":"2041","count":1},{"id":"3078","count":1}]},{"type":"Endgame Items","items":[{"id":"3102","count":1},{"id":"3742","count":1},{"id":"3110","count":1},{"id":"3026","count":1},{"id":"3031","count":1},{"id":"3158","count":1},{"id":"3035","count":1},{"id":"3190","count":1},{"id":"3111","count":1},{"id":"3364","count":1},{"id":"3074","count":1},{"id":"3087","count":1},{"id":"3072","count":1},{"id":"3075","count":1},{"id":"3078","count":1},{"id":"3083","count":1},{"id":"3142","count":1}]},{"type":"Starting Items","items":[{"id":"1054","count":1},{"id":"2003","count":1},{"id":"3340","count":1}]}]}