{"title":"Gankplank Guide - Jungle Guide - Pro heavenTime","type":"custom","map":"any","blocks":[{"type":"Endgame Items - Alternative Items","items":[{"id":"3102","count":1},{"id":"3031","count":1},{"id":"3065","count":1},{"id":"3071","count":1},{"id":"3075","count":1}]},{"type":"Starting Items","items":[{"id":"2003","count":1},{"id":"1039","count":1},{"id":"3340","count":1}]},{"type":"Core Build","items":[{"id":"3707","count":1},{"id":"3723","count":1},{"id":"3714","count":1},{"id":"3719","count":1},{"id":"3155","count":1},{"id":"3111","count":1}]},{"type":"Endgame Items - Full Build","items":[{"id":"3035","count":1},{"id":"3156","count":1},{"id":"3111","count":1},{"id":"3143","count":1},{"id":"3074","count":1},{"id":"3078","count":1}]}]}