{"title":"LeBlanc Build Guide  - Mid Lane - By Voyboy","type":"custom","map":"any","mode":"any","blocks":[{"type":"Core Build","items":[{"id":"3285","count":1},{"id":"3165","count":1},{"id":"3020","count":1}]},{"type":"Late Game Purchases","items":[{"id":"3174","count":1},{"id":"3102","count":1},{"id":"3026","count":1},{"id":"3100","count":1},{"id":"3089","count":1},{"id":"3135","count":1},{"id":"3152","count":1},{"id":"3157","count":1}]},{"type":"Example Full Build","items":[{"id":"3102","count":1},{"id":"3165","count":1},{"id":"3089","count":1},{"id":"3020","count":1},{"id":"3135","count":1},{"id":"3157","count":1}]},{"type":"Starting Items","items":[{"id":"2041","count":1},{"id":"1056","count":1},{"id":"2003","count":1},{"id":"3340","count":1}]}]}