{"title":"Nautilus Build Guide - Dominion - By Lyssic","type":"custom","map":"any","mode":"any","blocks":[{"type":"Starting Items","items":[{"id":"1001","count":1},{"id":"2003","count":1},{"id":"3067","count":1},{"id":"2004","count":1}]},{"type":"Core Items","items":[{"id":"3348","count":1},{"id":"3187","count":1},{"id":"3190","count":1},{"id":"3111","count":1}]},{"type":"Endgame Items","items":[{"id":"1301","count":1},{"id":"1306","count":1},{"id":"1311","count":1},{"id":"1316","count":1},{"id":"1321","count":1},{"id":"1326","count":1},{"id":"1331","count":1},{"id":"3241","count":1},{"id":"3348","count":1},{"id":"3187","count":1},{"id":"3190","count":1},{"id":"3111","count":1},{"id":"3143","count":1},{"id":"3068","count":1},{"id":"3091","count":1}]}]}