{"title":"Jax Build Guide - Top Lane - By Quas","type":"custom","map":"any","blocks":[{"type":"Boots","items":[{"id":"3111","count":1},{"id":"3047","count":1}]},{"type":"Starting Items","items":[{"id":"2041","count":1},{"id":"2003","count":1},{"id":"2004","count":1},{"id":"3340","count":1}]},{"type":"Endgame Items","items":[{"id":"3102","count":1},{"id":"3026","count":1},{"id":"3156","count":1},{"id":"3143","count":1},{"id":"3065","count":1},{"id":"3075","count":1},{"id":"3083","count":1}]},{"type":"Starting Items - Next Steps","items":[{"id":"1001","count":1},{"id":"1055","count":1},{"id":"3044","count":1}]},{"type":"Example Full game Builds - 1.Versus Heavy AD (double AD Carry)","items":[{"id":"3153","count":1},{"id":"3111","count":1},{"id":"3143","count":1},{"id":"3065","count":1},{"id":"3075","count":1},{"id":"3078","count":1}]},{"type":"Starting Items - Always Buy:","items":[]},{"type":"Example Full game Builds - 2.Versus Heavy AP (double AP)","items":[{"id":"3153","count":1},{"id":"3156","count":1},{"id":"3111","count":1},{"id":"3143","count":1},{"id":"3065","count":1},{"id":"3078","count":1}]},{"type":"Core Items","items":[{"id":"3153","count":1},{"id":"3078","count":1}]},{"type":"Example Full game Builds - 3.Normal Build","items":[{"id":"3102","count":1},{"id":"3153","count":1},{"id":"3026","count":1},{"id":"3111","count":1},{"id":"3143","count":1},{"id":"3078","count":1}]}]}