{"title":"Jax Build Guide - Jungle - By Crs IWillDominate","type":"custom","map":"any","blocks":[{"type":"Endgame Items - Full Build","items":[{"id":"3102","count":1},{"id":"3153","count":1},{"id":"3722","count":1},{"id":"3718","count":1},{"id":"3710","count":1},{"id":"3726","count":1},{"id":"3361","count":1},{"id":"3111","count":1},{"id":"3143","count":1},{"id":"3078","count":1}]},{"type":"Endgame Items - Optional Items","items":[{"id":"3155","count":1},{"id":"3047","count":1},{"id":"3075","count":1}]},{"type":"Starting Items","items":[{"id":"2003","count":1},{"id":"1039","count":1},{"id":"3340","count":1}]},{"type":"Core Items","items":[{"id":"3153","count":1},{"id":"3722","count":1},{"id":"3718","count":1},{"id":"3710","count":1},{"id":"3726","count":1},{"id":"3111","count":1}]}]}