{"title":"Malphite Guide - Jungle - IWDominate","type":"custom","map":"any","blocks":[{"type":"Mid Game Items","items":[{"id":"3717","count":1},{"id":"3709","count":1},{"id":"3725","count":1},{"id":"3721","count":1},{"id":"3190","count":1},{"id":"3111","count":1},{"id":"3341","count":1},{"id":"3082","count":1}]},{"type":"Late Game Items","items":[{"id":"3001","count":1},{"id":"3717","count":1},{"id":"3709","count":1},{"id":"3725","count":1},{"id":"3721","count":1},{"id":"3022","count":1},{"id":"3190","count":1},{"id":"3111","count":1},{"id":"3047","count":1},{"id":"3364","count":1},{"id":"3143","count":1}]},{"type":"Starting Items","items":[{"id":"2003","count":1},{"id":"1039","count":1},{"id":"3340","count":1}]},{"type":"Early Game Items","items":[{"id":"1001","count":1},{"id":"3713","count":1},{"id":"3340","count":1}]}]}