{"title":"Malphite Guide - Top Lane - By Voyboy","type":"custom","map":"any","blocks":[{"type":"Starting Items","items":[{"id":"1029","count":1},{"id":"2003","count":1},{"id":"3340","count":1}]},{"type":"Core Items","items":[{"id":"3105","count":1},{"id":"3110","count":1},{"id":"3143","count":1}]},{"type":"Endgame Items","items":[{"id":"1301","count":1},{"id":"1306","count":1},{"id":"1311","count":1},{"id":"1316","count":1},{"id":"1321","count":1},{"id":"1326","count":1},{"id":"1331","count":1},{"id":"3241","count":1},{"id":"3110","count":1},{"id":"3022","count":1},{"id":"3361","count":1},{"id":"3190","count":1},{"id":"3111","count":1},{"id":"3143","count":1},{"id":"3068","count":1}]},{"type":"Situational Items","items":[{"id":"3001","count":1},{"id":"3102","count":1},{"id":"1302","count":1},{"id":"1307","count":1},{"id":"1312","count":1},{"id":"1317","count":1},{"id":"1322","count":1},{"id":"1327","count":1},{"id":"1332","count":1},{"id":"3242","count":1},{"id":"3056","count":1}]}]}