{"title":"Graves Build Guide - Bot Lane - By Crs A Impactful","type":"custom","map":"any","mode":"any","blocks":[{"type":"Starting Items","items":[{"id":"1055","count":1},{"id":"2003","count":1},{"id":"3340","count":1}]},{"type":"Mid to Late Game Item Build","items":[{"id":"3006","count":1},{"id":"3153","count":1},{"id":"1055","count":1},{"id":"3031","count":1},{"id":"3035","count":1},{"id":"3046","count":1},{"id":"3072","count":1}]},{"type":"Defensive Items/Situational Items","items":[{"id":"3102","count":1},{"id":"3026","count":1},{"id":"3156","count":1},{"id":"3143","count":1}]}]}