{"title":"Quinn and Valor Build Guide - AD Carry by Crs A Impactful","type":"custom","map":"any","blocks":[{"type":"6th Item","items":[{"id":"3102","count":1},{"id":"3026","count":1},{"id":"3156","count":1},{"id":"3143","count":1}]},{"type":"Starting Items","items":[{"id":"1055","count":1},{"id":"2003","count":1},{"id":"3340","count":1}]},{"type":"Core Items","items":[{"id":"3006","count":1},{"id":"3031","count":1},{"id":"3142","count":1}]},{"type":"Endgame Build","items":[{"id":"3006","count":1},{"id":"3153","count":1},{"id":"3361","count":1},{"id":"3031","count":1},{"id":"3035","count":1},{"id":"3046","count":1},{"id":"3142","count":1}]}]}