{"title":"Quinn Build Guide - Dominion - By Bebepop","type":"custom","map":"any","blocks":[{"type":"Endgame Items","items":[{"id":"3022","count":1},{"id":"3035","count":1},{"id":"3111","count":1},{"id":"3046","count":1},{"id":"3181","count":1},{"id":"3185","count":1}]},{"type":"Starting Items","items":[{"id":"1001","count":1},{"id":"2003","count":1},{"id":"1062","count":1}]},{"type":"Core Items","items":[{"id":"3035","count":1},{"id":"3111","count":1},{"id":"1062","count":1},{"id":"3181","count":1},{"id":"3086","count":1}]}]}