{"title":"Akali Build Guide - Solo Lane - By Voyboy","type":"custom","map":"any","mode":"any","blocks":[{"type":"Situational Items","items":[{"id":"3100","count":1},{"id":"3065","count":1}]},{"type":"Starting Items","items":[{"id":"1054","count":1},{"id":"2003","count":1},{"id":"3340","count":1}]},{"type":"Situational Items - Example Full Game Build","items":[{"id":"3026","count":1},{"id":"3146","count":1},{"id":"3089","count":1},{"id":"3020","count":1},{"id":"3135","count":1},{"id":"3157","count":1}]},{"type":"Core Items","items":[{"id":"3146","count":1},{"id":"3157","count":1}]},{"type":"Core Items - Boots","items":[{"id":"3111","count":1},{"id":"3047","count":1},{"id":"3020","count":1}]},{"type":"After Core","items":[{"id":"3026","count":1},{"id":"3089","count":1},{"id":"3135","count":1}]}]}