{"title":"Build Guide Master Yi - Jungle - By Refpsi","type":"custom","map":"any","mode":"any","blocks":[{"type":"Endgame Items","items":[{"id":"1300","count":1},{"id":"1305","count":1},{"id":"1310","count":1},{"id":"1315","count":1},{"id":"1320","count":1},{"id":"1325","count":1},{"id":"1330","count":1},{"id":"3240","count":1},{"id":"3031","count":1},{"id":"3046","count":1},{"id":"3072","count":1},{"id":"3154","count":1},{"id":"3142","count":1}]},{"type":"Situational Itemization (Offensive)","items":[{"id":"3153","count":1},{"id":"3022","count":1},{"id":"3156","count":1},{"id":"3139","count":1},{"id":"3074","count":1},{"id":"3087","count":1},{"id":"3078","count":1},{"id":"3172","count":1}]},{"type":"Situational Items (Defensive)","items":[{"id":"3102","count":1},{"id":"3026","count":1},{"id":"3143","count":1},{"id":"3065","count":1},{"id":"3083","count":1}]},{"type":"Starting Items","items":[{"id":"2003","count":1},{"id":"1039","count":1},{"id":"3342","count":1}]},{"type":"Core Items","items":[{"id":"3006","count":1},{"id":"3722","count":1},{"id":"3718","count":1},{"id":"3710","count":1},{"id":"3726","count":1},{"id":"3031","count":1},{"id":"1053","count":1},{"id":"3142","count":1}]}]}