{"title":"Build Guide Master Yi (AD) - Mid Lane - By Pro Lod","type":"custom","map":"any","mode":"any","blocks":[{"type":"Endgame Items","items":[{"id":"3006","count":1},{"id":"3153","count":1},{"id":"3026","count":1},{"id":"3031","count":1},{"id":"3035","count":1},{"id":"3139","count":1},{"id":"3142","count":1}]},{"type":"Starting Items","items":[{"id":"2041","count":1},{"id":"2003","count":1},{"id":"3340","count":1}]},{"type":"Core Items","items":[{"id":"3144","count":1},{"id":"3142","count":1}]}]}