{"title":"Shaco Guide - Jungle - By Rimotrian","type":"custom","map":"any","mode":"any","blocks":[{"type":"Starting Items","items":[{"id":"2003","count":1},{"id":"1039","count":1},{"id":"3340","count":1}]},{"type":"Core items","items":[{"id":"3707","count":1},{"id":"3723","count":1},{"id":"3714","count":1},{"id":"3719","count":1},{"id":"3087","count":1}]},{"type":"Proper Itemization is key!","items":[{"id":"3153","count":1},{"id":"3031","count":1},{"id":"3035","count":1},{"id":"3071","count":1},{"id":"3078","count":1},{"id":"3142","count":1},{"id":"3172","count":1}]},{"type":"Proper Itemization is key! -","items":[{"id":"3105","count":1},{"id":"3102","count":1},{"id":"3026","count":1},{"id":"3156","count":1},{"id":"3139","count":1},{"id":"3111","count":1},{"id":"3047","count":1},{"id":"3143","count":1},{"id":"3075","count":1},{"id":"3083","count":1}]}]}