{"title":"Alistar Build Guide - Jungle - By LoLPro heavenTime","type":"custom","map":"any","mode":"any","blocks":[{"type":"Core Items","items":[{"id":"3717","count":1},{"id":"3709","count":1},{"id":"3725","count":1},{"id":"3721","count":1},{"id":"3111","count":1}]},{"type":"Endgame Items - Full Build","items":[{"id":"3717","count":1},{"id":"3709","count":1},{"id":"3725","count":1},{"id":"3721","count":1},{"id":"3110","count":1},{"id":"3111","count":1},{"id":"3364","count":1},{"id":"3143","count":1},{"id":"3065","count":1},{"id":"3078","count":1}]},{"type":"Endgame Items - Optional Items","items":[{"id":"3001","count":1},{"id":"3102","count":1},{"id":"3025","count":1},{"id":"3190","count":1},{"id":"3075","count":1}]},{"type":"Starting Items","items":[{"id":"2003","count":1},{"id":"1039","count":1},{"id":"3341","count":1}]}]}