{"title":"Alistar Build Guide - Support - By BunnyFuFuu","type":"custom","map":"any","mode":"any","blocks":[{"type":"Starting Items","items":[{"id":"2003","count":1},{"id":"2004","count":1},{"id":"3302","count":1},{"id":"3340","count":1}]},{"type":"Core Items","items":[{"id":"3504","count":1},{"id":"3117","count":1},{"id":"2049","count":1},{"id":"3097","count":1}]},{"type":"Boots","items":[{"id":"3117","count":1},{"id":"3158","count":1}]},{"type":"Full Build","items":[{"id":"3504","count":1},{"id":"3117","count":1},{"id":"3401","count":1},{"id":"3190","count":1},{"id":"3222","count":1},{"id":"3364","count":1},{"id":"3143","count":1},{"id":"2045","count":1}]}]}