{"title":"Tryndamere Build Guide - Top Lane - By Voyboy and Refpsi","type":"custom","map":"any","blocks":[{"type":"Full Game Item Build:","items":[{"id":"3006","count":1},{"id":"3153","count":1},{"id":"3361","count":1},{"id":"3031","count":1},{"id":"3035","count":1},{"id":"3087","count":1},{"id":"3142","count":1}]},{"type":"Situational Items","items":[{"id":"3026","count":1},{"id":"3139","count":1},{"id":"3143","count":1},{"id":"3074","count":1},{"id":"3071","count":1}]},{"type":"Starting Items","items":[{"id":"1001","count":1},{"id":"1029","count":1},{"id":"2003","count":1},{"id":"3340","count":1}]},{"type":"Core Items","items":[{"id":"3006","count":1},{"id":"3144","count":1},{"id":"3153","count":1},{"id":"1001","count":1},{"id":"3031","count":1},{"id":"3087","count":1},{"id":"3086","count":1}]}]}