{"title":"Tryndamere Build Guide - Jungle - By Refpsi","type":"custom","map":"any","mode":"any","blocks":[{"type":"Core Items","items":[{"id":"3006","count":1},{"id":"3722","count":1},{"id":"3718","count":1},{"id":"3710","count":1},{"id":"3726","count":1},{"id":"3046","count":1},{"id":"1053","count":1}]},{"type":"Endgame Items","items":[{"id":"3006","count":1},{"id":"3031","count":1},{"id":"3046","count":1},{"id":"3072","count":1},{"id":"3142","count":1},{"id":"3172","count":1}]},{"type":"Problem with Tryndamere Itemization","items":[{"id":"3153","count":1},{"id":"3035","count":1},{"id":"3074","count":1},{"id":"3065","count":1},{"id":"3078","count":1}]},{"type":"Starting Items","items":[{"id":"2003","count":1},{"id":"1039","count":1},{"id":"3341","count":1}]}]}