{"title":"Veigar Guide - Mid Lane - By Crs Nyjacky","type":"custom","map":"any","mode":"any","blocks":[{"type":"Endgame Items","items":[{"id":"3174","count":1},{"id":"3361","count":1},{"id":"3100","count":1},{"id":"3089","count":1},{"id":"3020","count":1},{"id":"3135","count":1},{"id":"3157","count":1}]},{"type":"Other possible items","items":[{"id":"3102","count":1},{"id":"3026","count":1},{"id":"3116","count":1}]},{"type":"Starting Items","items":[{"id":"2041","count":1},{"id":"1056","count":1},{"id":"2003","count":1},{"id":"2004","count":1}]},{"type":"Core Items","items":[{"id":"3028","count":1},{"id":"3089","count":1},{"id":"3191","count":1}]}]}