{"title":"Singed Guide - Top Lane - Druiddroid","type":"custom","map":"any","mode":"any","blocks":[{"type":"","items":[{"id":"3001","count":1},{"id":"1001","count":1},{"id":"2041","count":1},{"id":"1304","count":1},{"id":"1309","count":1},{"id":"1314","count":1},{"id":"1319","count":1},{"id":"1324","count":1},{"id":"1329","count":1},{"id":"1334","count":1},{"id":"3244","count":1},{"id":"1011","count":1},{"id":"3361","count":1},{"id":"2003","count":1},{"id":"3151","count":1},{"id":"3111","count":1},{"id":"3116","count":1},{"id":"1027","count":1},{"id":"3040","count":1},{"id":"3048","count":1},{"id":"3070","count":1},{"id":"3075","count":1}]}]}