{"title":"Rengar Build Guide - Top - By Westrice and Rhux","type":"custom","map":"any","blocks":[{"type":"","items":[]},{"type":"Starting Items","items":[{"id":"1054","count":1},{"id":"2003","count":1},{"id":"3340","count":1}]},{"type":"Full Game Build","items":[{"id":"3026","count":1},{"id":"3035","count":1},{"id":"3111","count":1},{"id":"3143","count":1},{"id":"3074","count":1},{"id":"3065","count":1},{"id":"3068","count":1},{"id":"3071","count":1},{"id":"3078","count":1},{"id":"3340","count":1}]}]}