{"title":"Rengar Build Guide - Jungle - IWillDominate","type":"custom","map":"any","mode":"any","blocks":[{"type":"Starting Items","items":[{"id":"2003","count":1},{"id":"1039","count":1}]},{"type":"Mid Game Items","items":[{"id":"3707","count":1},{"id":"3723","count":1},{"id":"3714","count":1},{"id":"3719","count":1},{"id":"3111","count":1},{"id":"3074","count":1}]},{"type":"End Game Items","items":[{"id":"3707","count":1},{"id":"3723","count":1},{"id":"3714","count":1},{"id":"3719","count":1},{"id":"3026","count":1},{"id":"3035","count":1},{"id":"3111","count":1},{"id":"3143","count":1},{"id":"3074","count":1}]}]}