{"title":"Zac Build Guide - Jungle - By IWDominate","type":"custom","map":"any","mode":"any","blocks":[{"type":"Endgame Items - Situational Items","items":[{"id":"3001","count":1},{"id":"3075","count":1}]},{"type":"Example Full Game Build","items":[{"id":"3001","count":1},{"id":"3717","count":1},{"id":"3709","count":1},{"id":"3725","count":1},{"id":"3721","count":1},{"id":"3361","count":1},{"id":"3151","count":1},{"id":"3190","count":1},{"id":"3111","count":1},{"id":"3143","count":1}]},{"type":"Starting Items","items":[{"id":"2003","count":1},{"id":"1039","count":1},{"id":"3340","count":1}]},{"type":"Core Items - Boots","items":[{"id":"3111","count":1},{"id":"3047","count":1}]},{"type":"Endgame Items","items":[{"id":"3361","count":1},{"id":"3151","count":1},{"id":"3143","count":1}]}]}