{"title":"Zac Build Guide - Top Lane - By Rhux","type":"custom","map":"any","mode":"any","blocks":[{"type":"Starting Items","items":[{"id":"1054","count":1},{"id":"2003","count":1},{"id":"3340","count":1}]},{"type":"Core Items","items":[{"id":"3136","count":1},{"id":"3020","count":1},{"id":"3065","count":1},{"id":"3068","count":1}]},{"type":"Endgame Items","items":[{"id":"3361","count":1},{"id":"3026","count":1},{"id":"3151","count":1},{"id":"3143","count":1},{"id":"3020","count":1},{"id":"3065","count":1},{"id":"3068","count":1}]}]}