{"title":"Kindred Build Guide - Jungle - by LoLPro","type":"custom","map":"any","mode":"any","blocks":[{"type":"Core Build","items":[{"id":"3707","count":1},{"id":"3723","count":1},{"id":"3714","count":1},{"id":"3719","count":1},{"id":"3111","count":1},{"id":"3341","count":1},{"id":"3134","count":1}]},{"type":"Endgame Items","items":[{"id":"3102","count":1},{"id":"3153","count":1},{"id":"3722","count":1},{"id":"3718","count":1},{"id":"3710","count":1},{"id":"3726","count":1},{"id":"3707","count":1},{"id":"3723","count":1},{"id":"3714","count":1},{"id":"3719","count":1},{"id":"3363","count":1},{"id":"3026","count":1},{"id":"3031","count":1},{"id":"3035","count":1},{"id":"3139","count":1},{"id":"3111","count":1},{"id":"3046","count":1},{"id":"3143","count":1},{"id":"3085","count":1},{"id":"3087","count":1},{"id":"3072","count":1},{"id":"3078","count":1},{"id":"3142","count":1}]},{"type":"Starting Items","items":[{"id":"2003","count":1},{"id":"1039","count":1},{"id":"3340","count":1}]}]}