{"title":"Vi Build Guide - Jungle - LoLPro heavenTime","type":"custom","map":"any","blocks":[{"type":"Boot Choices","items":[{"id":"3117","count":1},{"id":"3111","count":1},{"id":"3047","count":1}]},{"type":"Endgame Items - Full Game Build","items":[{"id":"3102","count":1},{"id":"3707","count":1},{"id":"3723","count":1},{"id":"3714","count":1},{"id":"3719","count":1},{"id":"3110","count":1},{"id":"3111","count":1},{"id":"3364","count":1},{"id":"3143","count":1},{"id":"3078","count":1}]},{"type":"Alternative Items","items":[{"id":"3026","count":1},{"id":"3190","count":1},{"id":"3068","count":1},{"id":"3071","count":1},{"id":"3075","count":1}]},{"type":"Starting Items","items":[{"id":"2003","count":1},{"id":"1039","count":1},{"id":"3340","count":1}]},{"type":"Starting Items - Core Build","items":[{"id":"3707","count":1},{"id":"3723","count":1},{"id":"3714","count":1},{"id":"3719","count":1},{"id":"3111","count":1},{"id":"3047","count":1},{"id":"3364","count":1},{"id":"3078","count":1}]}]}