{"title":"Vi Build Guide - Top Lane - By Crs Voyboy","type":"custom","map":"any","blocks":[{"type":"Core Items - Standard Endgame Build","items":[{"id":"3022","count":1},{"id":"3361","count":1},{"id":"3026","count":1},{"id":"3156","count":1},{"id":"3139","count":1},{"id":"3111","count":1},{"id":"3143","count":1},{"id":"3071","count":1},{"id":"3072","count":1}]},{"type":"Starting Items","items":[{"id":"1029","count":1},{"id":"2041","count":1},{"id":"2003","count":1},{"id":"3340","count":1}]},{"type":"Core Items","items":[{"id":"1001","count":1},{"id":"3155","count":1},{"id":"3134","count":1},{"id":"1053","count":1},{"id":"3082","count":1}]}]}