{"title":"Leona Guide - Support - Edward and Sheep","type":"custom","map":"any","mode":"any","blocks":[{"type":"Core Items","items":[{"id":"1001","count":1},{"id":"1054","count":1},{"id":"2003","count":1},{"id":"2049","count":1},{"id":"3097","count":1}]},{"type":"Endgame Items","items":[{"id":"3117","count":1},{"id":"3401","count":1},{"id":"3190","count":1},{"id":"3364","count":1},{"id":"3143","count":1},{"id":"2045","count":1},{"id":"3050","count":1}]},{"type":"Starting Items","items":[{"id":"2003","count":1},{"id":"3302","count":1},{"id":"3340","count":1}]}]}