{"title":"Jayce Build Guide - Mid Lane - xEquivocaL","type":"custom","map":"any","blocks":[{"type":"Core Items","items":[{"id":"3158","count":1},{"id":"3035","count":1},{"id":"3004","count":1},{"id":"3134","count":1}]},{"type":"Endgame Items","items":[{"id":"3361","count":1},{"id":"3026","count":1},{"id":"3158","count":1},{"id":"3035","count":1},{"id":"3004","count":1},{"id":"3071","count":1},{"id":"3072","count":1}]},{"type":"Starting Items","items":[{"id":"1055","count":1},{"id":"2003","count":1},{"id":"3340","count":1}]}]}