{"title":"Jayce Guide - Top Lane - Rhux","type":"custom","map":"any","blocks":[{"type":"Boots","items":[{"id":"3006","count":1},{"id":"3158","count":1},{"id":"3111","count":1},{"id":"3047","count":1}]},{"type":"Starting Items","items":[{"id":"1001","count":1},{"id":"1055","count":1},{"id":"2003","count":1},{"id":"3340","count":1}]},{"type":"Core Items","items":[{"id":"1001","count":1},{"id":"1055","count":1},{"id":"3044","count":1},{"id":"1053","count":1},{"id":"3086","count":1}]},{"type":"Endgame Items","items":[{"id":"3361","count":1},{"id":"3026","count":1},{"id":"3031","count":1},{"id":"3035","count":1},{"id":"3111","count":1},{"id":"3072","count":1},{"id":"3078","count":1}]}]}