{"title":"Amumu Guide - Jungle - by Crs Pat","type":"custom","map":"any","mode":"any","blocks":[{"type":"Endgame Items - Defensive items","items":[{"id":"3102","count":1},{"id":"3110","count":1},{"id":"3143","count":1}]},{"type":"Starting Items","items":[{"id":"2003","count":1},{"id":"1039","count":1},{"id":"3340","count":1}]},{"type":"Core Items","items":[{"id":"3717","count":1},{"id":"3709","count":1},{"id":"3725","count":1},{"id":"3721","count":1},{"id":"3111","count":1}]},{"type":"Endgame Items - Offensive Items","items":[{"id":"3001","count":1},{"id":"3151","count":1}]}]}