{"title":"Azir Build Guide - Mid Lane - by Demonata","type":"custom","map":"any","mode":"any","blocks":[{"type":"Core Items","items":[{"id":"3174","count":1},{"id":"3158","count":1},{"id":"3116","count":1},{"id":"3135","count":1}]},{"type":"Endgame Items","items":[{"id":"3174","count":1},{"id":"3158","count":1},{"id":"3089","count":1},{"id":"3116","count":1},{"id":"3135","count":1},{"id":"3157","count":1}]},{"type":"Starting Items","items":[{"id":"2041","count":1},{"id":"1056","count":1},{"id":"2003","count":1},{"id":"3340","count":1}]}]}