{"title":"Teemo Guide - Top Lane - By mc Chicken Wings","type":"custom","map":"any","blocks":[{"type":"Starting Items","items":[{"id":"1001","count":1},{"id":"1029","count":1},{"id":"2041","count":1},{"id":"2003","count":1},{"id":"3340","count":1}]},{"type":"Core Items","items":[{"id":"3006","count":1},{"id":"3144","count":1},{"id":"1055","count":1},{"id":"3155","count":1},{"id":"3111","count":1},{"id":"3044","count":1}]},{"type":"Endgame Items","items":[{"id":"3006","count":1},{"id":"3153","count":1},{"id":"1300","count":1},{"id":"1305","count":1},{"id":"1310","count":1},{"id":"1315","count":1},{"id":"1320","count":1},{"id":"1325","count":1},{"id":"1330","count":1},{"id":"3240","count":1},{"id":"3022","count":1},{"id":"3361","count":1},{"id":"3143","count":1},{"id":"3091","count":1},{"id":"3172","count":1}]},{"type":"Additional Items","items":[{"id":"3110","count":1},{"id":"3156","count":1},{"id":"3111","count":1},{"id":"3047","count":1},{"id":"3075","count":1},{"id":"3083","count":1}]}]}