{"title":"Brand Build Guide - Dominion - By HaIfhearted","type":"custom","map":"any","mode":"any","blocks":[{"type":"Endgame Item Options","items":[{"id":"3001","count":1},{"id":"3180","count":1},{"id":"3116","count":1},{"id":"3090","count":1}]},{"type":"Starting Items","items":[{"id":"1052","count":1},{"id":"1001","count":1},{"id":"2003","count":1},{"id":"2004","count":1},{"id":"1063","count":1},{"id":"1028","count":1}]},{"type":"Core Items","items":[{"id":"3108","count":1},{"id":"1063","count":1},{"id":"3020","count":1},{"id":"3135","count":1}]},{"type":"Lategame Items","items":[{"id":"3151","count":1},{"id":"3165","count":1},{"id":"1063","count":1},{"id":"3116","count":1},{"id":"3020","count":1},{"id":"3135","count":1}]}]}