{"title":"Brand Guide -  Mid Lane - By Only Jaximus","type":"custom","map":"any","blocks":[{"type":"Starting Items","items":[{"id":"2041","count":1},{"id":"1056","count":1},{"id":"2003","count":1},{"id":"3340","count":1}]},{"type":"Core Items","items":[{"id":"3174","count":1},{"id":"3151","count":1},{"id":"3116","count":1},{"id":"3135","count":1}]},{"type":"Endgame Items","items":[{"id":"3174","count":1},{"id":"3361","count":1},{"id":"3151","count":1},{"id":"3116","count":1},{"id":"3020","count":1},{"id":"3135","count":1},{"id":"3157","count":1}]}]}