{"title":"Fiddlesticks Build Guide - Support - By BunnyFuFuu","type":"custom","map":"any","mode":"any","blocks":[{"type":"Starting Items - Core Items","items":[{"id":"3098","count":1},{"id":"2049","count":1},{"id":"3020","count":1},{"id":"3157","count":1}]},{"type":"Starting Items - Full Build","items":[{"id":"3092","count":1},{"id":"3222","count":1},{"id":"3089","count":1},{"id":"2045","count":1},{"id":"3020","count":1},{"id":"3157","count":1}]},{"type":"Starting Items - Starting Items","items":[{"id":"2003","count":1},{"id":"2004","count":1},{"id":"3303","count":1},{"id":"3340","count":1}]}]}