{"title":"Nami Build Guide - Support - By BunnyFufuu","type":"custom","map":"any","mode":"any","blocks":[{"type":"Core Items","items":[{"id":"3028","count":1},{"id":"3098","count":1},{"id":"3158","count":1},{"id":"2049","count":1}]},{"type":"End Game Items","items":[{"id":"3092","count":1},{"id":"3158","count":1},{"id":"3190","count":1},{"id":"3222","count":1},{"id":"3364","count":1},{"id":"3089","count":1},{"id":"2045","count":1}]},{"type":"End Game Items - Situational Item choices","items":[{"id":"3102","count":1},{"id":"3041","count":1},{"id":"3050","count":1}]},{"type":"Starting Items","items":[{"id":"2003","count":1},{"id":"3303","count":1},{"id":"3340","count":1}]}]}