{"title":"Hecarim Build Guide - Top Lane - By Rodrake and Shakarez","type":"custom","map":"any","mode":"any","blocks":[{"type":"Starting Items","items":[{"id":"1001","count":1},{"id":"1029","count":1},{"id":"2041","count":1},{"id":"1055","count":1},{"id":"2003","count":1},{"id":"3340","count":1}]},{"type":"Core Build","items":[{"id":"1304","count":1},{"id":"1309","count":1},{"id":"1314","count":1},{"id":"1319","count":1},{"id":"1324","count":1},{"id":"1329","count":1},{"id":"1334","count":1},{"id":"3244","count":1},{"id":"3078","count":1},{"id":"3340","count":1}]},{"type":"Endgame Items - Example Full Game Build","items":[{"id":"3742","count":1},{"id":"1304","count":1},{"id":"1309","count":1},{"id":"1314","count":1},{"id":"1319","count":1},{"id":"1324","count":1},{"id":"1329","count":1},{"id":"1334","count":1},{"id":"3244","count":1},{"id":"3110","count":1},{"id":"3361","count":1},{"id":"3035","count":1},{"id":"3065","count":1},{"id":"3078","count":1}]},{"type":"Endgame Items - Optional Items","items":[{"id":"3102","count":1},{"id":"3143","count":1},{"id":"3800","count":1},{"id":"3142","count":1}]}]}