{"title":"Hecarim Build Guide - Jungle - By Pro heavenTime","type":"custom","map":"any","mode":"any","blocks":[{"type":"Endgame Items","items":[{"id":"3102","count":1},{"id":"3047","count":1},{"id":"3075","count":1}]},{"type":"Starting Items","items":[{"id":"2003","count":1},{"id":"1039","count":1},{"id":"3340","count":1}]},{"type":"Aggressive Core Build","items":[{"id":"3707","count":1},{"id":"3723","count":1},{"id":"3714","count":1},{"id":"3719","count":1},{"id":"3111","count":1},{"id":"3078","count":1}]},{"type":"Defensive Core Build","items":[{"id":"3742","count":1},{"id":"3707","count":1},{"id":"3723","count":1},{"id":"3714","count":1},{"id":"3719","count":1},{"id":"3111","count":1}]},{"type":"Full Game Build","items":[{"id":"3742","count":1},{"id":"3707","count":1},{"id":"3723","count":1},{"id":"3714","count":1},{"id":"3719","count":1},{"id":"3111","count":1},{"id":"3143","count":1},{"id":"3065","count":1},{"id":"3078","count":1}]}]}