{"title":"Maokai Build Guide - Jungle - By Crs Pat","type":"custom","map":"any","blocks":[{"type":"Starting Items - Starting Build","items":[{"id":"2003","count":1},{"id":"1039","count":1},{"id":"3340","count":1}]},{"type":"Starting Items - Standard Build into Mid Game","items":[{"id":"3717","count":1},{"id":"3709","count":1},{"id":"3725","count":1},{"id":"3721","count":1},{"id":"3110","count":1},{"id":"3111","count":1},{"id":"3341","count":1}]},{"type":"Starting Items - End Game Build","items":[{"id":"3717","count":1},{"id":"3709","count":1},{"id":"3725","count":1},{"id":"3721","count":1},{"id":"3110","count":1},{"id":"3111","count":1},{"id":"3364","count":1},{"id":"3143","count":1},{"id":"3800","count":1},{"id":"3065","count":1}]}]}