{"title":"Nocturne Guide - Jungle - Pro heavenTime","type":"custom","map":"any","mode":"any","blocks":[{"type":"Starting Items - Situational Items","items":[{"id":"3065","count":1},{"id":"3075","count":1},{"id":"3078","count":1},{"id":"3142","count":1}]},{"type":"Starting Items","items":[{"id":"2003","count":1},{"id":"1039","count":1},{"id":"3340","count":1}]},{"type":"Starting Items - Core Build","items":[{"id":"3153","count":1},{"id":"3722","count":1},{"id":"3718","count":1},{"id":"3710","count":1},{"id":"3726","count":1},{"id":"3111","count":1}]},{"type":"Starting Items - Full Build","items":[{"id":"3102","count":1},{"id":"3153","count":1},{"id":"3722","count":1},{"id":"3718","count":1},{"id":"3710","count":1},{"id":"3726","count":1},{"id":"3156","count":1},{"id":"3111","count":1},{"id":"3364","count":1},{"id":"3143","count":1}]}]}