{"title":"Ziggs Build Guide - Mid Lane - Crs Voyboy","type":"custom","map":"any","mode":"any","blocks":[{"type":"Situational Items","items":[{"id":"3151","count":1},{"id":"3100","count":1},{"id":"3116","count":1},{"id":"3157","count":1}]},{"type":"Example Full Game Build","items":[{"id":"3174","count":1},{"id":"3285","count":1},{"id":"3089","count":1},{"id":"3020","count":1},{"id":"3135","count":1},{"id":"3157","count":1}]},{"type":"Starting Items","items":[{"id":"2041","count":1},{"id":"1056","count":1},{"id":"2003","count":1},{"id":"2044","count":1},{"id":"3340","count":1}]},{"type":"Core Items","items":[{"id":"3174","count":1},{"id":"1001","count":1},{"id":"3028","count":1},{"id":"3191","count":1},{"id":"3020","count":1},{"id":"3157","count":1}]},{"type":"After Core","items":[{"id":"3136","count":1},{"id":"3285","count":1},{"id":"3135","count":1}]}]}