{"title":"Orianna Build Guide - Mid Lane - Nyjacky","type":"custom","map":"any","blocks":[{"type":"Endgame Items","items":[{"id":"3361","count":1},{"id":"3026","count":1},{"id":"3135","count":1},{"id":"3157","count":1}]},{"type":"Starting Items","items":[{"id":"2041","count":1},{"id":"1056","count":1},{"id":"2003","count":1},{"id":"3340","count":1}]},{"type":"Core Items","items":[{"id":"3174","count":1},{"id":"3089","count":1},{"id":"3020","count":1},{"id":"3135","count":1},{"id":"3157","count":1}]},{"type":"Why is Chalice Important?","items":[{"id":"3028","count":1},{"id":"3111","count":1}]},{"type":"When to go Tear of the Goddess?","items":[{"id":"3070","count":1}]}]}