{"title":"Darius Build Guide - Jungle - Kureyami","type":"custom","map":"any","blocks":[{"type":"Core Items","items":[{"id":"3117","count":1},{"id":"3707","count":1},{"id":"3723","count":1},{"id":"3714","count":1},{"id":"3719","count":1},{"id":"3068","count":1}]},{"type":"Endgame Items","items":[{"id":"3117","count":1},{"id":"3742","count":1},{"id":"3707","count":1},{"id":"3723","count":1},{"id":"3714","count":1},{"id":"3719","count":1},{"id":"3022","count":1},{"id":"3361","count":1},{"id":"3068","count":1},{"id":"3083","count":1}]},{"type":"End Game Item Choices","items":[{"id":"3026","count":1},{"id":"3156","count":1},{"id":"3111","count":1},{"id":"3143","count":1}]},{"type":"Starting Items","items":[{"id":"2003","count":1},{"id":"1039","count":1},{"id":"3340","count":1}]}]}