{"title":"Darius Build Guide - Top - By Voyboy","type":"custom","map":"any","blocks":[{"type":"Situational Items","items":[{"id":"1031","count":1},{"id":"3155","count":1},{"id":"3156","count":1},{"id":"3044","count":1},{"id":"3068","count":1}]},{"type":"Endgame Items","items":[{"id":"3742","count":1},{"id":"3156","count":1},{"id":"3111","count":1},{"id":"3065","count":1},{"id":"3071","count":1},{"id":"3748","count":1}]},{"type":"Starting Items","items":[{"id":"1001","count":1},{"id":"1029","count":1},{"id":"2003","count":1},{"id":"3340","count":1}]},{"type":"Core Items","items":[{"id":"3111","count":1},{"id":"3047","count":1},{"id":"3134","count":1}]}]}