{"title":"Sion Build Guide - Top Lane - By Pawnce","type":"custom","map":"any","blocks":[{"type":"Starting Items","items":[{"id":"1055","count":1},{"id":"1054","count":1},{"id":"2003","count":1},{"id":"3340","count":1}]},{"type":"Core Items","items":[{"id":"3047","count":1},{"id":"3143","count":1},{"id":"3074","count":1},{"id":"3083","count":1}]},{"type":"Endgame Item Options","items":[{"id":"3102","count":1},{"id":"3110","count":1},{"id":"3361","count":1},{"id":"3026","count":1},{"id":"3035","count":1},{"id":"3156","count":1},{"id":"3111","count":1},{"id":"3364","count":1},{"id":"3065","count":1},{"id":"3068","count":1},{"id":"3071","count":1},{"id":"3075","count":1}]}]}