{"title":"Braum Build Guide  - Support - By impaKt & PsiGuard ","type":"custom","map":"any","mode":"any","blocks":[{"type":"Core Items","items":[{"id":"1001","count":1},{"id":"3401","count":1},{"id":"2049","count":1},{"id":"3341","count":1}]},{"type":"Final Build (versus mostly magic damage)","items":[{"id":"3102","count":1},{"id":"3401","count":1},{"id":"3158","count":1},{"id":"3190","count":1},{"id":"3364","count":1},{"id":"3143","count":1},{"id":"2045","count":1}]},{"type":"Final Build (versus mostly physical damage)","items":[{"id":"3102","count":1},{"id":"3401","count":1},{"id":"3110","count":1},{"id":"3047","count":1},{"id":"3364","count":1},{"id":"3143","count":1},{"id":"2045","count":1}]},{"type":"Starting Items","items":[{"id":"3301","count":1},{"id":"2003","count":1},{"id":"3302","count":1},{"id":"3340","count":1}]}]}