{"title":"Gnar Guide - Solo Lane - by Demonata","type":"custom","map":"any","blocks":[{"type":"Starting Items","items":[{"id":"1055","count":1},{"id":"1054","count":1},{"id":"2003","count":1},{"id":"3340","count":1}]},{"type":"Core Items","items":[{"id":"3153","count":1},{"id":"3022","count":1},{"id":"3158","count":1},{"id":"3071","count":1},{"id":"3078","count":1},{"id":"3142","count":1}]},{"type":"Build Order","items":[{"id":"3144","count":1},{"id":"3153","count":1},{"id":"1001","count":1},{"id":"1055","count":1},{"id":"3022","count":1},{"id":"1011","count":1},{"id":"3158","count":1},{"id":"3044","count":1},{"id":"3057","count":1},{"id":"3071","count":1},{"id":"3134","count":1},{"id":"3078","count":1},{"id":"3142","count":1},{"id":"3086","count":1}]}]}