{"title":"Garen Guide - Top Lane - By LoLPro","type":"custom","map":"any","blocks":[{"type":"Core Items","items":[{"id":"1001","count":1},{"id":"1054","count":1},{"id":"3044","count":1},{"id":"3340","count":1}]},{"type":"Endgame Items","items":[{"id":"3102","count":1},{"id":"3742","count":1},{"id":"3401","count":1},{"id":"3022","count":1},{"id":"3361","count":1},{"id":"3026","count":1},{"id":"3158","count":1},{"id":"3035","count":1},{"id":"3190","count":1},{"id":"3139","count":1},{"id":"3111","count":1},{"id":"3047","count":1},{"id":"3143","count":1},{"id":"3065","count":1},{"id":"3053","count":1},{"id":"3068","count":1},{"id":"3071","count":1},{"id":"3075","count":1},{"id":"3748","count":1},{"id":"3083","count":1}]},{"type":"Starting Items","items":[{"id":"1055","count":1},{"id":"1054","count":1},{"id":"2003","count":1},{"id":"3340","count":1}]}]}