{"title":"Lissandra Build Guide - Mid Lane - By Voyboy","type":"custom","map":"any","mode":"any","blocks":[{"type":"Full Game Build","items":[{"id":"3102","count":1},{"id":"3165","count":1},{"id":"3089","count":1},{"id":"3020","count":1},{"id":"3135","count":1},{"id":"3157","count":1}]},{"type":"Full Game Build - Situational Items:","items":[{"id":"3001","count":1},{"id":"3026","count":1},{"id":"3136","count":1},{"id":"3151","count":1}]},{"type":"Starting Items","items":[{"id":"1056","count":1},{"id":"2003","count":1},{"id":"3340","count":1}]},{"type":"Core Items","items":[{"id":"3089","count":1},{"id":"3020","count":1},{"id":"3135","count":1},{"id":"3157","count":1}]}]}