{"title":"Bard Build Guide - Support - by Pawnce","type":"custom","map":"any","mode":"any","blocks":[{"type":"Core Items","items":[{"id":"3117","count":1},{"id":"3110","count":1},{"id":"3364","count":1},{"id":"2045","count":1},{"id":"3069","count":1}]},{"type":"Endgame Items","items":[{"id":"3190","count":1},{"id":"3222","count":1},{"id":"3143","count":1},{"id":"3800","count":1},{"id":"3023","count":1},{"id":"3290","count":1}]},{"type":"Starting Items","items":[{"id":"3301","count":1},{"id":"2003","count":1},{"id":"3340","count":1}]}]}