{"title":"Kalista Guide - Marksman - By Minitroupax (and Pawnce)","type":"custom","map":"any","blocks":[{"type":"Endgame Item Options","items":[{"id":"3102","count":1},{"id":"3026","count":1},{"id":"3031","count":1},{"id":"3139","count":1},{"id":"3087","count":1},{"id":"3072","count":1}]},{"type":"Starting Items","items":[{"id":"1055","count":1},{"id":"2003","count":1},{"id":"3340","count":1}]},{"type":"Core Items","items":[{"id":"3006","count":1},{"id":"3153","count":1},{"id":"3035","count":1},{"id":"3085","count":1}]}]}