{"title":"Chogath Build Guide - Jungle - Crs Pat","type":"custom","map":"any","blocks":[{"type":"Early Game Items - Standard","items":[{"id":"3717","count":1},{"id":"3709","count":1},{"id":"3725","count":1},{"id":"3721","count":1},{"id":"3110","count":1},{"id":"3111","count":1}]},{"type":"Early Game Items - Fed","items":[{"id":"3117","count":1},{"id":"3027","count":1},{"id":"3706","count":1}]},{"type":"Mid Game Items","items":[{"id":"3110","count":1},{"id":"3143","count":1}]},{"type":"Final Items","items":[{"id":"3065","count":1},{"id":"3091","count":1}]},{"type":"Starting Items","items":[{"id":"2003","count":1},{"id":"1039","count":1},{"id":"3340","count":1}]}]}