{"title":"Draven Build Guide  - Bot Lane - By Zorilla","type":"custom","map":"any","blocks":[{"type":"Endgame Items - Optional Items","items":[{"id":"3102","count":1},{"id":"3153","count":1},{"id":"3143","count":1}]},{"type":"Starting Items","items":[{"id":"1055","count":1},{"id":"2003","count":1},{"id":"3340","count":1}]},{"type":"Core Items","items":[{"id":"3006","count":1},{"id":"1055","count":1},{"id":"3031","count":1},{"id":"3046","count":1},{"id":"1053","count":1}]},{"type":"Endgame Items - Full Game Build","items":[{"id":"3006","count":1},{"id":"3363","count":1},{"id":"3031","count":1},{"id":"3035","count":1},{"id":"3139","count":1},{"id":"3046","count":1},{"id":"3072","count":1}]}]}