{"title":"Katarina Build Guide - Mid Lane - By Tiensinoakuma","type":"custom","map":"any","blocks":[{"type":"Alternative Option (Sell boots for this late game)","items":[{"id":"3116","count":1}]},{"type":"Starting Items","items":[{"id":"1001","count":1},{"id":"2003","count":1},{"id":"3340","count":1}]},{"type":"Core Items","items":[{"id":"3020","count":1},{"id":"3157","count":1}]},{"type":"Endgame Items","items":[{"id":"1301","count":1},{"id":"1306","count":1},{"id":"1311","count":1},{"id":"1316","count":1},{"id":"1321","count":1},{"id":"1326","count":1},{"id":"1331","count":1},{"id":"3241","count":1},{"id":"3026","count":1},{"id":"3089","count":1},{"id":"3135","count":1},{"id":"3157","count":1}]},{"type":"Misconceptions","items":[{"id":"3001","count":1},{"id":"3151","count":1},{"id":"3100","count":1},{"id":"3116","count":1}]}]}