{"title":"Vladimir Build Guide - Solo Lane - By Voyboy","type":"custom","map":"any","mode":"any","blocks":[{"type":"After Core","items":[{"id":"1001","count":1},{"id":"3089","count":1},{"id":"3135","count":1},{"id":"3152","count":1},{"id":"3157","count":1}]},{"type":"After Core - Boot Options","items":[{"id":"3158","count":1},{"id":"3111","count":1},{"id":"3020","count":1}]},{"type":"Standard Full Game Build","items":[{"id":"3361","count":1},{"id":"3145","count":1},{"id":"3089","count":1},{"id":"3020","count":1},{"id":"3065","count":1},{"id":"3135","count":1},{"id":"3152","count":1},{"id":"3157","count":1}]},{"type":"Starting Items","items":[{"id":"1029","count":1},{"id":"1054","count":1},{"id":"2003","count":1},{"id":"3340","count":1}]},{"type":"Situational Items","items":[{"id":"3102","count":1},{"id":"3151","count":1},{"id":"3116","count":1},{"id":"3065","count":1}]},{"type":"Core Items","items":[{"id":"3145","count":1},{"id":"3020","count":1},{"id":"3152","count":1}]}]}