{"title":"Twisted Fate Guide - Mid Lane - By Crs Keane","type":"custom","map":"any","mode":"any","blocks":[{"type":"Core Items","items":[{"id":"3174","count":1},{"id":"3100","count":1},{"id":"3020","count":1},{"id":"3157","count":1}]},{"type":"Endgame Items","items":[{"id":"3174","count":1},{"id":"3361","count":1},{"id":"3100","count":1},{"id":"3089","count":1},{"id":"3020","count":1},{"id":"3135","count":1},{"id":"3157","count":1}]},{"type":"Starting Build","items":[{"id":"1056","count":1},{"id":"2003","count":1},{"id":"3340","count":1}]}]}