{"title":"Karma Guide - Support - By Zekent","type":"custom","map":"any","blocks":[{"type":"Starting Items","items":[{"id":"3301","count":1},{"id":"2003","count":1},{"id":"2004","count":1}]},{"type":"Core Item Build","items":[{"id":"1001","count":1},{"id":"3096","count":1},{"id":"2049","count":1},{"id":"3069","count":1}]},{"type":"Boots","items":[{"id":"3117","count":1},{"id":"3158","count":1},{"id":"3020","count":1}]},{"type":"Example Full Game Builds","items":[{"id":"3117","count":1},{"id":"3151","count":1},{"id":"3190","count":1},{"id":"3222","count":1},{"id":"3165","count":1},{"id":"3364","count":1},{"id":"3089","count":1},{"id":"2045","count":1},{"id":"3020","count":1},{"id":"3069","count":1},{"id":"2043","count":1}]}]}