{"title":"Karma Build Guide - Mid Lane - By D4NN1 0C34N","type":"custom","map":"any","blocks":[{"type":"Core Items","items":[{"id":"3174","count":1},{"id":"3020","count":1},{"id":"3157","count":1}]},{"type":"Endgame Items","items":[{"id":"3001","count":1},{"id":"3361","count":1},{"id":"3151","count":1},{"id":"3165","count":1},{"id":"3089","count":1},{"id":"3116","count":1},{"id":"3135","count":1}]},{"type":"Optional Core build - Cheap items","items":[{"id":"3165","count":1},{"id":"3020","count":1}]},{"type":"Starting Items","items":[{"id":"1029","count":1},{"id":"1004","count":1},{"id":"2003","count":1},{"id":"2004","count":1},{"id":"3340","count":1}]}]}