{"title":"Yasuo Build Guide - Jungle- By Refpsi","type":"custom","map":"any","blocks":[{"type":"Starting Items","items":[{"id":"2003","count":1},{"id":"1039","count":1},{"id":"3341","count":1}]},{"type":"Core Items","items":[{"id":"1001","count":1},{"id":"3087","count":1}]},{"type":"Endgame Items","items":[{"id":"3031","count":1},{"id":"3111","count":1},{"id":"3087","count":1},{"id":"3072","count":1},{"id":"3078","count":1}]},{"type":"Alternative Items","items":[{"id":"3153","count":1},{"id":"3156","count":1},{"id":"3139","count":1},{"id":"3074","count":1},{"id":"3071","count":1},{"id":"3142","count":1}]}]}