{"title":"Nunu Guide - Support - By Crs Zekent","type":"custom","map":"any","blocks":[{"type":"Endgame Items","items":[{"id":"3361","count":1},{"id":"3190","count":1},{"id":"3222","count":1},{"id":"3047","count":1},{"id":"2045","count":1},{"id":"3069","count":1},{"id":"3050","count":1}]},{"type":"Starting Items","items":[{"id":"2003","count":1},{"id":"2043","count":1},{"id":"3340","count":1}]},{"type":"Starting Items - Core Items","items":[{"id":"3301","count":1},{"id":"1001","count":1},{"id":"2049","count":1},{"id":"3050","count":1}]},{"type":"Situational Items","items":[{"id":"3092","count":1},{"id":"3190","count":1},{"id":"3222","count":1},{"id":"3069","count":1}]}]}