{"title":"Jinx Build Guide - AD Carry - By Crs Cop","type":"custom","map":"any","mode":"any","blocks":[{"type":"Starting Items","items":[{"id":"1055","count":1},{"id":"2003","count":1},{"id":"3340","count":1}]},{"type":"Situational Items","items":[{"id":"3172","count":1}]},{"type":"First Back Item Choices","items":[{"id":"1038","count":1},{"id":"1053","count":1}]},{"type":"Final Build","items":[{"id":"3006","count":1},{"id":"3153","count":1},{"id":"3361","count":1},{"id":"3026","count":1},{"id":"3031","count":1},{"id":"3035","count":1},{"id":"3087","count":1}]},{"type":"Core Items","items":[{"id":"3006","count":1},{"id":"1055","count":1},{"id":"3361","count":1},{"id":"3031","count":1}]},{"type":"Mid Game","items":[{"id":"3035","count":1},{"id":"3087","count":1}]},{"type":"Late Game","items":[{"id":"3102","count":1},{"id":"3026","count":1},{"id":"3139","count":1}]}]}