{"title":"Rek'Sai Build Guide - Jungle - By Pawnce","type":"custom","map":"any","blocks":[{"type":"Core Items","items":[{"id":"3707","count":1},{"id":"3723","count":1},{"id":"3714","count":1},{"id":"3719","count":1},{"id":"3047","count":1},{"id":"3143","count":1},{"id":"3074","count":1}]},{"type":"Alternate Build Path (If you really, REALLY like farming)","items":[{"id":"3153","count":1},{"id":"3722","count":1},{"id":"3718","count":1},{"id":"3710","count":1},{"id":"3726","count":1}]},{"type":"Endgame Item Options","items":[{"id":"3102","count":1},{"id":"3026","count":1},{"id":"3035","count":1},{"id":"3156","count":1},{"id":"3111","count":1},{"id":"3065","count":1},{"id":"3068","count":1},{"id":"3071","count":1},{"id":"3075","count":1},{"id":"3083","count":1},{"id":"3142","count":1}]},{"type":"Starting Items","items":[{"id":"2003","count":1},{"id":"1039","count":1},{"id":"3340","count":1}]}]}