{"title":"Galio Build Guide - Mid Lane - By Voyboy","type":"custom","map":"any","blocks":[{"type":"Starting Items","items":[{"id":"1001","count":1},{"id":"2003","count":1},{"id":"1033","count":1},{"id":"3340","count":1}]},{"type":"Core Items","items":[{"id":"3001","count":1},{"id":"3174","count":1},{"id":"3111","count":1}]},{"type":"Endgame Items","items":[{"id":"3174","count":1},{"id":"1302","count":1},{"id":"1307","count":1},{"id":"1312","count":1},{"id":"1317","count":1},{"id":"1322","count":1},{"id":"1327","count":1},{"id":"1332","count":1},{"id":"3242","count":1},{"id":"3089","count":1}]}]}