{"title":"Galio Build Guide - Top Lane - By SYDTKO","type":"custom","map":"any","mode":"any","blocks":[{"type":"Starting Items","items":[{"id":"1001","count":1},{"id":"1056","count":1},{"id":"2003","count":1},{"id":"2004","count":1},{"id":"1027","count":1},{"id":"3340","count":1}]},{"type":"Core Items","items":[{"id":"3111","count":1},{"id":"3027","count":1}]},{"type":"Endgame Items","items":[{"id":"3001","count":1},{"id":"3174","count":1},{"id":"1301","count":1},{"id":"1306","count":1},{"id":"1311","count":1},{"id":"1316","count":1},{"id":"1321","count":1},{"id":"1326","count":1},{"id":"1331","count":1},{"id":"3241","count":1},{"id":"3026","count":1},{"id":"3190","count":1},{"id":"3111","count":1},{"id":"3089","count":1},{"id":"3027","count":1},{"id":"3135","count":1}]}]}