{"title":"Anivia Guide - Mid Lane - By penguin","type":"custom","map":"any","blocks":[{"type":"Core Items for laning","items":[{"id":"3010","count":1},{"id":"3191","count":1},{"id":"3070","count":1}]},{"type":"Situational Building","items":[{"id":"3001","count":1},{"id":"3003","count":1},{"id":"3102","count":1},{"id":"3361","count":1},{"id":"3026","count":1},{"id":"3151","count":1},{"id":"3165","count":1},{"id":"3143","count":1},{"id":"3027","count":1},{"id":"3020","count":1},{"id":"3135","count":1},{"id":"3083","count":1},{"id":"3152","count":1}]},{"type":"Starting Items","items":[{"id":"2041","count":1},{"id":"1004","count":1},{"id":"2003","count":1},{"id":"2004","count":1},{"id":"3340","count":1}]}]}