{"title":"Anivia Build Guide - Dominion - By Northpaw","type":"custom","map":"any","mode":"any","blocks":[{"type":"Starting Items","items":[{"id":"3010","count":1},{"id":"2003","count":1},{"id":"2004","count":1}]},{"type":"Core Items","items":[{"id":"3174","count":1},{"id":"3348","count":1},{"id":"3187","count":1},{"id":"3029","count":1},{"id":"3020","count":1}]},{"type":"Endgame Items","items":[{"id":"3174","count":1},{"id":"3348","count":1},{"id":"3187","count":1},{"id":"3029","count":1},{"id":"3020","count":1},{"id":"3135","count":1},{"id":"3090","count":1}]}]}