{"title":"Wukong Build Guide - Top Lane - By Rhux","type":"custom","map":"any","mode":"any","blocks":[{"type":"Endgame Items","items":[{"id":"3361","count":1},{"id":"3026","count":1},{"id":"3035","count":1},{"id":"3111","count":1},{"id":"3143","count":1},{"id":"3074","count":1},{"id":"3071","count":1}]},{"type":"Starting Items","items":[{"id":"2003","count":1},{"id":"1006","count":1},{"id":"3340","count":1}]},{"type":"Core Items","items":[{"id":"1055","count":1},{"id":"3111","count":1},{"id":"3134","count":1}]}]}