{"title":"Wukong Guide - Jungle - By Crs Saintvicious","type":"custom","map":"any","blocks":[{"type":"Endgame items - Boot Options","items":[{"id":"3117","count":1},{"id":"3047","count":1}]},{"type":"Starting Items","items":[{"id":"2003","count":1},{"id":"1039","count":1},{"id":"3340","count":1}]},{"type":"Core Build","items":[{"id":"3707","count":1},{"id":"3723","count":1},{"id":"3714","count":1},{"id":"3719","count":1},{"id":"3111","count":1},{"id":"3134","count":1}]},{"type":"Endgame items - Full Game Build","items":[{"id":"3707","count":1},{"id":"3723","count":1},{"id":"3714","count":1},{"id":"3719","count":1},{"id":"3111","count":1},{"id":"3143","count":1},{"id":"3074","count":1},{"id":"3065","count":1},{"id":"3071","count":1}]},{"type":"Endgame items - Optional items","items":[{"id":"3102","count":1},{"id":"3026","count":1},{"id":"3035","count":1},{"id":"3190","count":1},{"id":"3156","count":1},{"id":"3075","count":1}]}]}