{"title":"Soraka Build Guide - Support - By Pro LoH (Lohpally)","type":"custom","map":"any","mode":"any","blocks":[{"type":"Starting Items","items":[{"id":"3301","count":1},{"id":"2003","count":1},{"id":"2004","count":1},{"id":"1028","count":1},{"id":"3340","count":1}]},{"type":"Core Items","items":[{"id":"3158","count":1},{"id":"2045","count":1}]},{"type":"Endgame Items","items":[{"id":"3102","count":1},{"id":"3222","count":1},{"id":"3089","count":1},{"id":"3143","count":1},{"id":"3116","count":1}]}]}