{"title":"Nasus Guide - Top Lane - By Voyboy","type":"custom","map":"any","blocks":[{"type":"Standard Starting Items - vs Heavy AD champs","items":[{"id":"1029","count":1},{"id":"2003","count":1},{"id":"3340","count":1}]},{"type":"Core Items - Full Game Item Build vs AD:","items":[{"id":"3110","count":1},{"id":"3361","count":1},{"id":"3047","count":1},{"id":"3143","count":1},{"id":"3065","count":1},{"id":"3075","count":1}]},{"type":"Core Items - vs AD","items":[{"id":"3024","count":1},{"id":"3047","count":1}]},{"type":"Core Items - Full Game Item Build vs AP:","items":[{"id":"3102","count":1},{"id":"3025","count":1},{"id":"3190","count":1},{"id":"3111","count":1},{"id":"3143","count":1},{"id":"3065","count":1}]},{"type":"Core Items - vs AP","items":[{"id":"3111","count":1},{"id":"3211","count":1}]},{"type":"Core Items - Situational Items","items":[{"id":"3102","count":1},{"id":"3009","count":1},{"id":"3110","count":1},{"id":"3035","count":1},{"id":"3069","count":1},{"id":"3075","count":1},{"id":"3078","count":1}]},{"type":"Core Items - Boots and Enchants","items":[{"id":"3009","count":1},{"id":"1303","count":1},{"id":"1308","count":1},{"id":"1313","count":1},{"id":"1318","count":1},{"id":"1323","count":1},{"id":"1328","count":1},{"id":"1333","count":1},{"id":"3243","count":1},{"id":"1304","count":1},{"id":"1309","count":1},{"id":"1314","count":1},{"id":"1319","count":1},{"id":"1324","count":1},{"id":"1329","count":1},{"id":"1334","count":1},{"id":"3244","count":1},{"id":"3111","count":1},{"id":"3047","count":1}]},{"type":"Standard Starting Items","items":[{"id":"2041","count":1},{"id":"1054","count":1},{"id":"2003","count":1},{"id":"3340","count":1}]},{"type":"Core Items - Example Mid-game Build","items":[{"id":"3009","count":1},{"id":"3024","count":1},{"id":"3025","count":1},{"id":"3143","count":1},{"id":"3065","count":1}]}]}