{"title":"Shen Build Guide - Jungle - By Foxdrop","type":"custom","map":"any","mode":"any","blocks":[{"type":"Starting Items","items":[{"id":"2003","count":1},{"id":"1039","count":1},{"id":"3340","count":1}]},{"type":"Core Items","items":[{"id":"3717","count":1},{"id":"3709","count":1},{"id":"3725","count":1},{"id":"3721","count":1},{"id":"3190","count":1},{"id":"3111","count":1},{"id":"3341","count":1}]},{"type":"Other Good Items","items":[{"id":"3022","count":1},{"id":"3361","count":1},{"id":"3143","count":1},{"id":"3065","count":1},{"id":"3078","count":1},{"id":"3083","count":1},{"id":"3091","count":1}]}]}