{"title":"Shen Build Guide - Top Lane - By Crs Quas","type":"custom","map":"any","blocks":[{"type":"Starting Items - Starting Items","items":[{"id":"1054","count":1},{"id":"2003","count":1},{"id":"3340","count":1}]},{"type":"Core Items","items":[{"id":"3047","count":1},{"id":"3065","count":1},{"id":"3068","count":1}]},{"type":"Endgame Items","items":[{"id":"3361","count":1},{"id":"3047","count":1},{"id":"3143","count":1},{"id":"3065","count":1},{"id":"3068","count":1},{"id":"3075","count":1},{"id":"3078","count":1}]}]}