{"title":"Xin Zhao Build Guide - Top Lane - By Crs Angush","type":"custom","map":"any","mode":"any","blocks":[{"type":"Endgame Items","items":[{"id":"3153","count":1},{"id":"1301","count":1},{"id":"1306","count":1},{"id":"1311","count":1},{"id":"1316","count":1},{"id":"1321","count":1},{"id":"1326","count":1},{"id":"1331","count":1},{"id":"3241","count":1},{"id":"3022","count":1},{"id":"3361","count":1},{"id":"3026","count":1},{"id":"3047","count":1},{"id":"3143","count":1},{"id":"3071","count":1}]},{"type":"Starting Items","items":[{"id":"1001","count":1},{"id":"2003","count":1},{"id":"3340","count":1}]},{"type":"Core Items","items":[{"id":"3144","count":1},{"id":"1001","count":1},{"id":"1055","count":1}]}]}