{"title":"Taric Guide - Support - By Zekent","type":"custom","map":"any","mode":"any","blocks":[{"type":"Starting Items:","items":[{"id":"2003","count":1},{"id":"3302","count":1},{"id":"3340","count":1}]},{"type":"Core Items:","items":[{"id":"1001","count":1},{"id":"2049","count":1},{"id":"3341","count":1},{"id":"3097","count":1}]},{"type":"Boots:","items":[{"id":"3117","count":1},{"id":"3111","count":1},{"id":"3047","count":1}]},{"type":"Late Game Items that can be picked","items":[{"id":"3401","count":1},{"id":"3110","count":1},{"id":"3025","count":1},{"id":"3190","count":1},{"id":"3222","count":1},{"id":"3143","count":1},{"id":"3065","count":1},{"id":"3069","count":1},{"id":"3075","count":1}]},{"type":"Example Full Game Build","items":[{"id":"3117","count":1},{"id":"3110","count":1},{"id":"3222","count":1},{"id":"3143","count":1},{"id":"2045","count":1},{"id":"3069","count":1}]}]}