{"title":"Pantheon Build Guide - Jungle - By Crs Pat","type":"custom","map":"any","mode":"any","blocks":[{"type":"Starting Items","items":[{"id":"2003","count":1},{"id":"1039","count":1},{"id":"3340","count":1}]},{"type":"Core Items","items":[{"id":"3707","count":1},{"id":"3723","count":1},{"id":"3714","count":1},{"id":"3719","count":1},{"id":"3111","count":1},{"id":"3143","count":1},{"id":"3134","count":1}]},{"type":"Endgame Items","items":[{"id":"3707","count":1},{"id":"3723","count":1},{"id":"3714","count":1},{"id":"3719","count":1},{"id":"3026","count":1},{"id":"3111","count":1},{"id":"3364","count":1},{"id":"3143","count":1},{"id":"3071","count":1},{"id":"3072","count":1}]}]}