{"title":"Kassadin Build Guide - Mid Lane - By Voyboy and LoD","type":"custom","map":"any","mode":"any","blocks":[{"type":"Build 1: Assasssin/Heavy AP.","items":[{"id":"3003","count":1},{"id":"3025","count":1},{"id":"3285","count":1},{"id":"3089","count":1},{"id":"3027","count":1},{"id":"3020","count":1},{"id":"3135","count":1},{"id":"3157","count":1}]},{"type":"Build 2: Tank (vs heavy AD )","items":[{"id":"3110","count":1},{"id":"3025","count":1},{"id":"3143","count":1},{"id":"3027","count":1},{"id":"3020","count":1},{"id":"3135","count":1}]},{"type":"","items":[]},{"type":"Starting Build","items":[{"id":"2041","count":1},{"id":"2003","count":1},{"id":"3340","count":1}]},{"type":"Core Items","items":[{"id":"3027","count":1}]}]}