{"title":"Season 5 Zyra Support  (5.13) - Carry from the bot lane - By Melyn","type":"custom","map":"any","mode":"any","blocks":[{"type":"Situational items","items":[{"id":"3001","count":1},{"id":"3060","count":1},{"id":"3117","count":1},{"id":"3023","count":1},{"id":"3290","count":1},{"id":"3157","count":1}]},{"type":"","items":[]},{"type":"Starting Items","items":[{"id":"2003","count":1},{"id":"2004","count":1},{"id":"3303","count":1},{"id":"3340","count":1}]},{"type":"Core Items","items":[{"id":"3136","count":1},{"id":"2049","count":1},{"id":"3020","count":1}]},{"type":"Late Game Build Purchases","items":[{"id":"3151","count":1},{"id":"2045","count":1},{"id":"3116","count":1},{"id":"3020","count":1},{"id":"2043","count":1},{"id":"3135","count":1}]}]}