{"title":"Syndra Build Guide - Mid - By Voyboy","type":"custom","map":"any","blocks":[{"type":"Example Full Game Build","items":[{"id":"3174","count":1},{"id":"3089","count":1},{"id":"3020","count":1},{"id":"3135","count":1},{"id":"3157","count":1}]},{"type":"Starting Items","items":[{"id":"2041","count":1},{"id":"1056","count":1},{"id":"2003","count":1},{"id":"2004","count":1},{"id":"3340","count":1}]},{"type":"Core Build","items":[{"id":"3174","count":1},{"id":"1001","count":1},{"id":"3089","count":1},{"id":"3020","count":1},{"id":"3135","count":1}]},{"type":"Core Build vs AD","items":[{"id":"1001","count":1},{"id":"3165","count":1},{"id":"3191","count":1}]},{"type":"Possible Late Game Purchases","items":[{"id":"3001","count":1},{"id":"3003","count":1},{"id":"3102","count":1},{"id":"3026","count":1},{"id":"3151","count":1},{"id":"3285","count":1},{"id":"3165","count":1},{"id":"3116","count":1},{"id":"3157","count":1}]}]}