{"title":"Syndra Build Guide - Dominion - By Sauron","type":"custom","map":"any","blocks":[{"type":"Starting Items","items":[{"id":"1001","count":1},{"id":"2003","count":1},{"id":"1063","count":1}]},{"type":"Core Items","items":[{"id":"3348","count":1},{"id":"3187","count":1},{"id":"1063","count":1},{"id":"3020","count":1}]},{"type":"Endgame Items","items":[{"id":"3348","count":1},{"id":"3187","count":1},{"id":"1063","count":1},{"id":"3116","count":1},{"id":"3020","count":1},{"id":"3135","count":1},{"id":"3090","count":1}]}]}