{"title":"Talon Build Guide - Top Lane - By Quas","type":"custom","map":"any","mode":"any","blocks":[{"type":"Boot Choice","items":[{"id":"3158","count":1},{"id":"3111","count":1}]},{"type":"Core Items","items":[{"id":"1055","count":1},{"id":"3072","count":1},{"id":"3134","count":1}]},{"type":"Endgame Items","items":[{"id":"1301","count":1},{"id":"1306","count":1},{"id":"1311","count":1},{"id":"1316","count":1},{"id":"1321","count":1},{"id":"1326","count":1},{"id":"1331","count":1},{"id":"3241","count":1},{"id":"3361","count":1},{"id":"3026","count":1},{"id":"3031","count":1},{"id":"3035","count":1},{"id":"3071","count":1},{"id":"3072","count":1},{"id":"3078","count":1}]},{"type":"Starting Items","items":[{"id":"1001","count":1},{"id":"2003","count":1},{"id":"3340","count":1}]}]}