{"title":"Yorick Build Guide - Top Lane - By Pobelter","type":"custom","map":"any","mode":"any","blocks":[{"type":"Core Items","items":[{"id":"3110","count":1},{"id":"3190","count":1},{"id":"3004","count":1},{"id":"3111","count":1},{"id":"3047","count":1},{"id":"3065","count":1}]},{"type":"","items":[{"id":"1001","count":1},{"id":"2041","count":1},{"id":"3110","count":1},{"id":"2003","count":1},{"id":"3004","count":1},{"id":"3111","count":1},{"id":"3143","count":1},{"id":"3070","count":1},{"id":"3340","count":1},{"id":"3083","count":1}]}]}