{"title":"Yorick Build Guide - Support - By Elementz","type":"custom","map":"any","mode":"any","blocks":[{"type":"Starting Items","items":[{"id":"1004","count":1},{"id":"2003","count":1},{"id":"3341","count":1}]},{"type":"Core Items","items":[{"id":"3190","count":1},{"id":"3111","count":1},{"id":"3096","count":1},{"id":"2045","count":1}]},{"type":"Endgame Items","items":[{"id":"1302","count":1},{"id":"1307","count":1},{"id":"1312","count":1},{"id":"1317","count":1},{"id":"1322","count":1},{"id":"1327","count":1},{"id":"1332","count":1},{"id":"3242","count":1},{"id":"3190","count":1},{"id":"3364","count":1},{"id":"3069","count":1}]},{"type":"Alternative Items for late game","items":[{"id":"3102","count":1},{"id":"3110","count":1},{"id":"3143","count":1}]}]}