{"title":"Zilean Build Guide - Support - By BunnyFufuu","type":"custom","map":"any","blocks":[{"type":"Core items","items":[{"id":"3028","count":1},{"id":"3098","count":1},{"id":"3158","count":1},{"id":"2049","count":1},{"id":"3070","count":1}]},{"type":"Endgame Items","items":[{"id":"3092","count":1},{"id":"3158","count":1},{"id":"3222","count":1},{"id":"3364","count":1},{"id":"3089","count":1},{"id":"2045","count":1},{"id":"3040","count":1},{"id":"3048","count":1}]},{"type":"Starting Items","items":[{"id":"2003","count":1},{"id":"2004","count":1},{"id":"3303","count":1},{"id":"3340","count":1}]}]}