{"title":"Zilean Build Guide - Mid Lane - By Pobelter","type":"custom","map":"any","mode":"any","blocks":[{"type":"Starting Items","items":[{"id":"2041","count":1},{"id":"2003","count":1},{"id":"3340","count":1}]},{"type":"Core Items","items":[{"id":"3089","count":1},{"id":"3027","count":1},{"id":"3020","count":1}]},{"type":"Endgame Items","items":[{"id":"1301","count":1},{"id":"1306","count":1},{"id":"1311","count":1},{"id":"1316","count":1},{"id":"1321","count":1},{"id":"1326","count":1},{"id":"1331","count":1},{"id":"3241","count":1},{"id":"3026","count":1},{"id":"3135","count":1},{"id":"3157","count":1}]}]}